,Global_Sales,Prediction
3945,0.51,0.5098281830408136
1035,1.72,1.7293864603354305
12102,0.07,0.07085643121932525
9272,0.14,0.14038287863191107
7822,0.19,0.19118045229260136
9298,0.14,0.14036419015793622
13373,0.05,0.05017319857490807
6566,0.26,0.2594727231898544
3941,0.51,0.4997049345076309
12036,0.07,0.07021330045201365
2362,0.88,0.8693485512818232
8061,0.18,0.1801772196885731
9603,0.13,0.1304294521057938
6320,0.27,0.2700052150727421
16003,0.01,0.011201711941935165
11639,0.08,0.08080548867330564
10902,0.09,0.089377570760998
8214,0.17,0.16969563263156218
11560,0.08,0.08045474849294439
10589,0.1,0.10043667448378951
5116,0.37,0.3696826665324269
4756,0.41,0.41060050426031813
1120,1.64,1.6394386915293189
10471,0.1,0.10034514095371382
11596,0.08,0.08136608316871796
14988,0.02,0.020608704810655083
796,2.09,2.079749571506064
13070,0.05,0.050290329794947755
5249,0.36,0.3604339244140661
12972,0.05,0.05099537109938128
10423,0.1,0.11099829964490926
4906,0.39,0.3899358695803142
10833,0.09,0.10066159323992864
3853,0.52,0.5099970502883351
14148,0.03,0.030556429243457223
346,3.63,3.6303532888020387
8049,0.18,0.18075847630205194
12320,0.06,0.06068435999543452
16212,0.01,0.010910695485849123
4529,0.43,0.43017812996803895
8555,0.16,0.15040577522671036
14956,0.02,0.02074448254587121
3220,0.63,0.619781055184222
9622,0.13,0.1303373335372396
16529,0.01,0.010983898166522493
1454,1.35,1.339661561359771
5108,0.37,0.37007293837433564
9446,0.13,0.13011836578433775
6247,0.28,0.2803403572056137
2719,0.76,0.7495732748386261
8729,0.15,0.15984117380201596
10189,0.11,0.10099532203367456
9943,0.12,0.1203789060069338
15293,0.02,0.020295327173336986
14666,0.03,0.03111070755340424
6117,0.28,0.27990953540372115
5651,0.32,0.32020521693010695
5861,0.3,0.2996278590605118
5621,0.32,0.3195907017950938
1717,1.17,1.1803397107856064
15884,0.02,0.010924427461591911
2550,0.81,0.8100595850448231
13247,0.05,0.051232093675067314
13619,0.04,0.04076022827753261
10836,0.09,0.08995139316017653
4253,0.46,0.4598653341247321
2327,0.89,0.8999739431060884
6363,0.27,0.2699092434976842
4264,0.46,0.4496910626670053
16238,0.01,0.011525377191921034
12308,0.06,0.06022328555797949
1209,1.54,1.539831021660294
196,5.11,5.119675042159293
11029,0.09,0.09045880686798125
13898,0.04,0.040325873433333985
1947,1.06,1.0696498919755593
13057,0.05,0.05103667251557806
7861,0.19,0.1907669923573602
11354,0.08,0.08063221581223161
13614,0.04,0.040259394520431896
13851,0.04,0.030965910820714836
1865,1.1,1.0896066397277067
13776,0.04,0.05026274930728896
11298,0.08,0.09027078697160776
1582,1.25,1.2596594181906924
387,3.42,3.4194287164521087
2834,0.72,0.7303342687158426
13492,0.04,0.050495370069424665
567,2.67,2.669401797520367
6082,0.29,0.28026885019789677
14566,0.03,0.03060664685490867
16156,0.01,0.010182283898618347
3840,0.52,0.5198605309709164
3025,0.67,0.6701531628723058
4010,0.5,0.4909254170237561
8041,0.18,0.17984402057010546
2589,0.8,0.8001909398377075
4670,0.42,0.4196656713946277
13119,0.05,0.050454315858457194
13905,0.04,0.04146769301913928
11295,0.08,0.08123020993181979
2271,0.92,0.9193296892549145
5999,0.29,0.28993233281847297
3471,0.58,0.579758964089014
16430,0.01,0.010427414129295511
3912,0.51,0.5097910387707907
13266,0.05,0.05160301741705002
10965,0.09,0.09090553715747038
5320,0.35,0.33988694056487057
1733,1.17,1.1702039578532397
7997,0.18,0.17989816064395053
12860,0.05,0.0501700349210804
8930,0.15,0.15033987585937064
8989,0.15,0.15042059993231077
9195,0.14,0.14098433808735322
19,20.22,20.220875223684327
47,11.66,11.648556091851408
9848,0.12,0.12053640209379948
2270,0.92,0.9198337354518685
5432,0.34,0.3399595755115873
11668,0.08,0.0802013601551759
10013,0.11,0.1204759663956182
357,3.59,3.599300769887882
11110,0.09,0.09078784248013994
7034,0.23,0.22993826249761315
3378,0.6,0.5898907461597589
863,1.97,1.9696570140680212
9901,0.12,0.11108780623286818
10173,0.11,0.11118671294466562
14711,0.03,0.03114095819739539
123,6.6,6.599009331033647
602,2.56,2.560529592654269
3083,0.66,0.6496361410330019
11542,0.08,0.08090805571381339
1495,1.32,1.3195633426292148
2240,0.93,0.9296558224870951
5469,0.33,0.33036085759988554
4129,0.48,0.47955810788988074
15780,0.02,0.02009333373548762
8979,0.15,0.14056476915535027
9957,0.12,0.12016370042984993
6500,0.26,0.2601551604218676
15608,0.02,0.011454980962026382
10926,0.09,0.09155994072935839
7522,0.2,0.19993671816763747
4080,0.49,0.48981027494786034
1348,1.43,1.4397153885122913
12622,0.06,0.06090960011295363
16106,0.01,0.010755680626782536
3313,0.61,0.6000645341934023
16217,0.01,0.010517462392177691
13536,0.04,0.04035014327562374
13828,0.04,0.041333180385023344
12047,0.07,0.07092527284494593
15640,0.02,0.020818473372326216
4323,0.45,0.4506578486010899
14662,0.03,0.030809365606092893
16464,0.01,0.011258880980239687
13127,0.05,0.05164907595898728
14629,0.03,0.03060411397752576
10611,0.1,0.10064430645215716
12698,0.06,0.061158145351370624
730,2.21,2.209503607484453
12965,0.05,0.05054501421074882
5855,0.3,0.3108517793077118
12705,0.06,0.06190515807560647
8097,0.18,0.1814198024841112
11853,0.07,0.07109405021007935
9349,0.13,0.14014981282168007
3710,0.54,0.5493829422535803
14757,0.03,0.030364427000826068
13415,0.05,0.05041440864374835
5281,0.35,0.3502306778170794
6160,0.28,0.2798228128200926
4076,0.49,0.4903710964904694
7777,0.19,0.2000892686759249
2157,0.96,0.9602378196578376
4750,0.41,0.41025022240976305
7881,0.19,0.1999664686304903
14556,0.03,0.030841959218299814
1211,1.54,1.5396051952989183
1568,1.27,1.2695119249412996
322,3.79,3.7790091964556307
12736,0.06,0.06032165721874154
11776,0.07,0.08092016802042219
4471,0.44,0.4298156417050678
9492,0.13,0.13019405848614357
3439,0.58,0.5799300633412965
11953,0.07,0.08083702344166163
4797,0.4,0.3997316555381025
4408,0.45,0.4495209778393989
8476,0.16,0.15993689553168208
9415,0.13,0.13070053383332494
4135,0.48,0.48985501708126294
10987,0.09,0.09064802341511849
10486,0.1,0.09979251064128081
7354,0.21,0.21004654484184748
16455,0.01,0.010775671666791161
4122,0.48,0.48008451942886327
3491,0.58,0.5798031900503613
11268,0.08,0.0894038650630387
3147,0.64,0.6397699102053916
8799,0.15,0.1494021161830446
16525,0.01,0.010832121340322114
658,2.38,2.3894761014914825
3331,0.61,0.6100883109042964
15098,0.02,0.02088639322059763
1262,1.5,1.499864370875299
9978,0.12,0.12034788141712083
6511,0.26,0.260414368841239
13328,0.05,0.04080076407252546
327,3.76,3.769444940462083
9873,0.12,0.13026181990115648
4017,0.5,0.4894497187193194
12218,0.07,0.0701081824252737
16120,0.01,0.010264874919500674
6719,0.25,0.25023133254316304
3948,0.5,0.5106431318703193
9377,0.13,0.13062942226288493
3296,0.61,0.6102492827009534
10246,0.11,0.11083439193847325
16101,0.01,0.011111665730769153
15320,0.02,0.020191044344474822
14243,0.03,0.031136860503497676
15015,0.02,0.020492085183117358
13389,0.05,0.04089975938005453
10102,0.11,0.12051884335472118
3770,0.53,0.5300535915371649
7917,0.19,0.19066586738571636
14776,0.03,0.020113777145026223
9172,0.14,0.14052766672413106
11521,0.08,0.08005726132619037
5300,0.35,0.35126183861135507
3598,0.56,0.5699112840371255
978,1.77,1.7701562006901144
5159,0.37,0.3599115959425999
15609,0.02,0.021263031776213644
102,7.27,7.269372725488366
9441,0.13,0.12982589129801378
9480,0.13,0.1312742059282377
4969,0.39,0.3793761963051181
3820,0.53,0.5197008014554829
4725,0.41,0.41931481646022306
16262,0.01,0.010340600192913881
11092,0.09,0.09057625976595371
2862,0.71,0.7190490664684015
12595,0.06,0.07049975206867432
7869,0.19,0.19032318808007898
3,33.0,32.99961057320181
1716,1.18,1.1797220377964153
15275,0.02,0.02122886128585372
14268,0.03,0.031093145037078804
3301,0.61,0.6100277276739048
4755,0.41,0.4094263290264955
2192,0.95,0.9398858631761922
15877,0.02,0.020571095575563164
8262,0.17,0.17030933594933612
13148,0.05,0.05070298491811198
5712,0.31,0.3107579154958129
1808,1.13,1.1289930625847986
13297,0.05,0.041251487750373086
6411,0.27,0.2701200462573455
5284,0.35,0.3491509337954742
734,2.2,2.1999658650535063
14352,0.03,0.030719659933083752
12806,0.06,0.05090092260955201
1088,1.67,1.6700685347922941
10794,0.1,0.1004275194408523
2122,0.98,0.9796945055762775
2978,0.68,0.6795710573799283
4412,0.44,0.4398108117638253
721,2.23,2.2297207325286696
5485,0.33,0.3305680111097782
3251,0.62,0.6296445398417486
3688,0.54,0.5494062930003926
11386,0.08,0.09048041106755753
426,3.19,3.1904317945401592
2475,0.84,0.8394009038320202
2304,0.9,0.8997653981549486
7342,0.21,0.21007730561889465
10838,0.09,0.09049019414537891
13354,0.05,0.04111201629007012
9728,0.12,0.12094106554539136
11432,0.08,0.09069648958351971
9606,0.13,0.12977626199671066
291,4.06,4.069465915850485
3274,0.62,0.619592274475786
4112,0.48,0.47983318543587145
10120,0.11,0.11069249092682051
3787,0.53,0.5396806585909661
13089,0.05,0.05027929801749381
12496,0.06,0.06100728456102878
8385,0.17,0.16020481262722475
10957,0.09,0.09042442085827351
2037,1.02,1.0301450841423572
6284,0.27,0.27022447274471506
11002,0.09,0.09096430804151731
8625,0.16,0.16025720151298842
3091,0.66,0.6499077509353685
12327,0.06,0.06048971795173813
8509,0.16,0.16109910618849477
13289,0.05,0.040707948475104797
88,7.84,7.8404018592309095
10742,0.1,0.10026245742059037
3467,0.58,0.5803801919392656
5488,0.33,0.33018958972491724
1472,1.33,1.3405197668736526
11145,0.09,0.09024128354288077
16132,0.01,0.010720984483511203
10030,0.11,0.1205908964387082
7841,0.19,0.19026955128265874
4648,0.42,0.40987249852786506
2888,0.71,0.7104087508110652
5773,0.31,0.31054100753931857
254,4.34,4.329685559474317
1091,1.67,1.670014657069646
409,3.28,3.2791092940563304
7256,0.22,0.22060107900198864
16042,0.01,0.010707824867376554
16147,0.01,0.010929126367185082
12543,0.06,0.06027615286863229
16158,0.01,0.010888798422959114
149,5.84,5.851149414401861
6992,0.23,0.2306625129442773
2941,0.69,0.699713716934328
16044,0.01,0.01117217353041228
12223,0.07,0.06059149885948156
10389,0.11,0.11051311827939789
6004,0.29,0.30030467737072575
424,3.19,3.188994749222193
3227,0.63,0.6202160822719694
15967,0.02,0.020718158320652068
3275,0.62,0.6194286360951571
1572,1.26,1.2595694061094798
9849,0.12,0.12089463350459029
12694,0.06,0.060191528762497205
12005,0.07,0.07064330671120506
16012,0.01,0.010841110686525626
13190,0.05,0.05093716846980823
12414,0.06,0.06027397188874605
290,4.07,4.069038653556493
16340,0.01,0.011228584749773944
16384,0.01,0.011609549597023962
16356,0.01,0.010511348223418336
4406,0.45,0.43991767382681735
7882,0.19,0.1899767516525436
11655,0.08,0.08088372551766157
15085,0.02,0.02061295347224784
5154,0.37,0.36978602057431587
14103,0.03,0.031030337812860527
1873,1.09,1.0896001419870016
12155,0.07,0.07006181201974324
12016,0.07,0.060915996601754875
5504,0.33,0.3305217106071867
10251,0.11,0.1099739849303877
1769,1.15,1.1503766717779054
3603,0.56,0.5603681557219435
9204,0.14,0.13186329683919007
903,1.91,1.8997460775161268
10168,0.11,0.11017485918010131
7641,0.2,0.20041285546092302
14177,0.03,0.030527630391484387
4238,0.46,0.45974923892083064
6430,0.27,0.26085637687256014
8910,0.15,0.15017244879600625
13989,0.04,0.03235232919797776
15812,0.02,0.020640682130869455
2939,0.7,0.6914479681921094
1986,1.05,1.0499029049270736
9700,0.12,0.12960319001164383
6044,0.29,0.2904054537067624
5472,0.33,0.3299584914285931
7156,0.22,0.2201164724495964
8901,0.15,0.1505871159774287
16439,0.01,0.01116421214749817
3886,0.51,0.5098390471617019
9558,0.13,0.1310571945840088
1289,1.47,1.4699262441714795
10681,0.1,0.10017889691989716
13738,0.04,0.041301459252671105
10194,0.11,0.11034380873272297
10064,0.11,0.11023000698642568
13140,0.05,0.050456174640816615
12642,0.06,0.05996566826832936
5372,0.34,0.3396949935460415
7484,0.21,0.20050027076756918
16091,0.01,0.011308530339868478
15272,0.02,0.021540999317801946
14011,0.04,0.04118219847816533
2677,0.77,0.7596597144038398
14482,0.03,0.03115403365127112
15775,0.02,0.02051886097478496
9868,0.12,0.12012968100400644
8308,0.17,0.17058078211200842
6400,0.27,0.2608666455621557
12213,0.07,0.0704020696920898
15759,0.02,0.010797765983125526
11117,0.09,0.0916076494889867
2361,0.88,0.8899157930220695
6237,0.28,0.27014431615505863
2098,0.99,0.9897903997624151
13156,0.05,0.05064265978419864
12072,0.07,0.07055930182861553
16405,0.01,0.011763590788829114
1535,1.29,1.2798040185650033
10903,0.09,0.10054490086723157
8761,0.15,0.1500060189722643
7223,0.22,0.2210603383106219
4051,0.49,0.48998528627380755
13281,0.05,0.04042675901599468
284,4.1,4.109755664879532
101,7.3,7.288902524493926
6291,0.27,0.26871909294042856
12876,0.05,0.06046130346113726
6428,0.27,0.26020064784172
12675,0.06,0.05039824229921486
14901,0.03,0.020946075107065937
2090,0.99,0.9907601118091122
4463,0.44,0.4398557155124012
3289,0.61,0.619625860791207
16097,0.01,0.011013259861426625
8866,0.15,0.1509876562323428
4884,0.39,0.38996612840228373
13720,0.04,0.04060762811306307
8347,0.17,0.1611892067207912
6512,0.26,0.2603172945498896
15406,0.02,0.02107300742465186
9540,0.13,0.12989326162816928
11448,0.08,0.08060696716500261
12265,0.06,0.060621782200561046
1124,1.63,1.629731258387181
8030,0.18,0.1900939044586758
13314,0.05,0.05102036898006316
10005,0.11,0.11095548727146666
3019,0.67,0.669632731630124
8316,0.17,0.17017083493551027
15794,0.02,0.01093233047423084
4096,0.48,0.4910790940931438
3063,0.66,0.6702251257551879
829,2.04,2.0492489306038335
3094,0.65,0.6612916782520194
3393,0.59,0.6002869906032314
2703,0.76,0.7598626762674928
14488,0.03,0.030448902800715324
9779,0.12,0.12010166349114595
11960,0.07,0.07008658410703074
6164,0.28,0.2801911476985929
5044,0.38,0.3701341585883887
8748,0.15,0.15078431673001544
12545,0.06,0.0601807185737583
1657,1.21,1.2096267426744047
16309,0.01,0.011225860039391085
1938,1.06,1.059751954681944
16153,0.01,0.011176504797057927
6751,0.25,0.2500609221696948
3987,0.5,0.49969304028366623
3002,0.68,0.6704049105181538
10279,0.11,0.10009109401559421
3833,0.52,0.5194967427343173
14366,0.03,0.04134741143025271
11278,0.08,0.09045790070524354
7246,0.22,0.2197969486138656
6766,0.25,0.26089058031566276
15259,0.02,0.019755170422474967
10176,0.11,0.11014366925835123
1420,1.37,1.3695266744091112
2630,0.78,0.7798514333170776
12691,0.06,0.050609719950191014
2024,1.03,1.0292266501756324
13406,0.05,0.05132136618395442
15961,0.02,0.009478574273004269
4945,0.39,0.38994192357266666
2364,0.88,0.8795391615563346
3584,0.56,0.559581097301029
8664,0.16,0.15081498826484108
11875,0.07,0.07031472636977255
10364,0.11,0.10071479548213105
14060,0.04,0.030739528051267326
7691,0.2,0.19105324953829722
5609,0.32,0.33010266919581727
6352,0.27,0.27991956754109276
8956,0.15,0.13994423719891844
5369,0.34,0.3398064609493439
3515,0.57,0.5699777975258954
9096,0.14,0.1403092935550446
13135,0.05,0.050679666137743176
14599,0.03,0.021526186982800163
11544,0.08,0.07921660588454951
13678,0.04,0.04074224846641748
14494,0.03,0.031332785858856974
13652,0.04,0.04025219443343131
5294,0.35,0.3487057379916599
15973,0.02,0.020467847891532033
7635,0.2,0.2099196726267114
10332,0.11,0.10990713289818159
13261,0.05,0.0504701612015444
12905,0.05,0.050521418789069496
7367,0.21,0.22009914823180401
5343,0.35,0.35040151694419974
8507,0.16,0.15973603161255295
8107,0.18,0.18047217451193
16107,0.01,0.010136331428549982
12529,0.06,0.06058134933212028
6049,0.29,0.28997457209960686
5370,0.34,0.3400472033344
10017,0.11,0.11009235848006624
12908,0.05,0.050806096931338175
13947,0.04,0.04100638334738979
7290,0.22,0.21981325615283692
4245,0.46,0.46959708668107303
6494,0.26,0.26997120773118993
10688,0.1,0.10045513847417523
9588,0.13,0.12095857700934855
3982,0.5,0.5009975208285365
15218,0.02,0.02107329003370316
7800,0.19,0.19995336695379864
4421,0.44,0.4499199685314663
16163,0.01,0.011401851463960402
5457,0.33,0.33959177343996094
4349,0.45,0.4499104309546519
15008,0.02,0.022762335054326274
1839,1.11,1.1103507542786168
5761,0.31,0.31146489944857225
85,8.06,8.049546312085205
6379,0.27,0.2703416121733151
4854,0.4,0.39928271835915397
4611,0.42,0.4206401887779001
8525,0.16,0.16023570569558354
1011,1.75,1.749756416676847
15511,0.02,0.020557448942097066
6692,0.25,0.2508441694719981
15211,0.02,0.020606380434823615
9368,0.13,0.13080237749468288
7352,0.21,0.2205315492881906
8984,0.15,0.1504565323562369
12427,0.06,0.06105685910765139
6465,0.26,0.2602763344858101
3375,0.6,0.6002957328236255
8772,0.15,0.15035381323169184
15048,0.02,0.029806831657863325
1458,1.34,1.3403417975099767
11514,0.08,0.08130861677011311
13791,0.04,0.041174125747511434
304,3.92,3.9190666619876153
15190,0.02,0.02183108337604287
7029,0.23,0.2308225459997647
15260,0.02,0.021098912531973234
12454,0.06,0.061814198062492894
7035,0.23,0.22993823788318385
4288,0.46,0.44924591303284833
4136,0.48,0.48040585814457115
9256,0.14,0.1299594297385214
6173,0.28,0.2899506283264921
12451,0.06,0.06046888816107345
9635,0.13,0.1308472226944641
6848,0.24,0.23066800427470538
5724,0.31,0.3100854786494829
13072,0.05,0.040745970475844
9626,0.13,0.13113569697950989
3350,0.6,0.599912679281911
4296,0.46,0.4608176899852539
7420,0.21,0.2104608784734668
6364,0.27,0.27987963967635215
1524,1.3,1.2888055843046802
15811,0.02,0.01103741428535495
15467,0.02,0.021255681125461584
1490,1.32,1.3201468664009148
7928,0.19,0.18015440715889883
16075,0.01,0.009745503759475613
13793,0.04,0.030730568710411917
16141,0.01,0.012038655054141902
7515,0.2,0.21012429809046035
15655,0.02,0.011813311221766126
4882,0.39,0.389459500039258
59,10.42,10.419786648260857
12890,0.05,0.050679019256728
6979,0.23,0.2402350835433149
13126,0.05,0.05038084100432721
7938,0.19,0.18978614948369024
4555,0.43,0.42100541928119856
11108,0.09,0.08101556922955762
9001,0.14,0.14963673695546081
15468,0.02,0.022068862511957908
10462,0.1,0.10055362460734248
2459,0.84,0.8402903790511388
11600,0.08,0.08013884415004055
8628,0.16,0.16009482326342103
5139,0.37,0.37128790734861616
6215,0.28,0.2795408848848956
1164,1.59,1.5896572230836314
12190,0.07,0.06990918384077839
10458,0.1,0.11035169508525211
8106,0.18,0.1801345897124694
16587,0.01,0.010491790962202444
13488,0.04,0.040371710810446285
14806,0.03,0.020560037373764616
5933,0.3,0.29910118375776695
8608,0.16,0.16028606902559098
14546,0.03,0.030640862729714998
9288,0.14,0.12977611368433278
1477,1.33,1.3196597946195947
15832,0.02,0.020967962423420104
10338,0.11,0.11015632849505594
13588,0.04,0.040613339924659986
6235,0.28,0.2806400014057573
10012,0.11,0.11042011022476594
450,3.09,3.0801382249643683
4871,0.4,0.39983465180925026
10316,0.11,0.11026185556658866
3577,0.56,0.559896645440084
2961,0.69,0.7001500112559267
10240,0.11,0.110114873994545
5935,0.3,0.29997742166148333
11257,0.08,0.08024046999722562
12296,0.06,0.06027069964064369
15236,0.02,0.020444468570614042
15274,0.02,0.01921188264637464
13794,0.04,0.04034809829864468
2997,0.68,0.669744177757644
4038,0.49,0.48935722878066534
5912,0.3,0.3002483307317841
10310,0.11,0.10996485111069776
9690,0.12,0.12114539956288076
8882,0.15,0.15072393271873483
9734,0.12,0.11991380927548437
11892,0.07,0.07083966178192702
10705,0.1,0.10068971087964143
13221,0.05,0.050345050253181894
9968,0.12,0.11044609217517908
2865,0.71,0.7194184596500033
2130,0.97,0.9701994827642696
9031,0.14,0.14004345798950185
6193,0.28,0.28061660789850607
10416,0.11,0.11065473359174091
8401,0.17,0.16056903371567097
14643,0.03,0.030122307785936973
9050,0.14,0.14088160123682075
5288,0.35,0.3605101140140613
4164,0.47,0.4799298613914315
14941,0.02,0.020587444817049206
1559,1.27,1.270177585154563
4832,0.4,0.3988489910833057
7055,0.23,0.23003826658662016
10528,0.1,0.100142190934913
5052,0.38,0.3784640348748146
13684,0.04,0.050510678530185635
4753,0.41,0.4082488120300715
15928,0.02,0.020764178703298386
1725,1.17,1.160067146764462
5204,0.36,0.36000583643276585
381,3.46,3.4489775865021444
9969,0.12,0.12030027139974608
10818,0.09,0.0905433989653879
16114,0.01,0.009885648088141182
7327,0.21,0.2198794517351979
477,2.97,2.979575264257234
5275,0.35,0.35977642451252834
12934,0.05,0.050357454484751756
8447,0.17,0.17009485929855386
13184,0.05,0.04065915924908376
14507,0.03,0.031592438449416796
11390,0.08,0.09053288000691528
5871,0.3,0.299608577724667
9067,0.14,0.1404888526884974
9022,0.14,0.1405571002902489
13376,0.05,0.05006162086792582
6273,0.27,0.27056401632433313
169,5.36,5.369536690417213
8150,0.18,0.1803189582575679
14822,0.03,0.02165961234375531
908,1.9,1.8892174827343813
701,2.28,2.2792544235859964
6010,0.29,0.2801177591419105
5478,0.33,0.33060979140961844
15675,0.02,0.011171885039579457
4004,0.5,0.4898638661605318
16307,0.01,0.011206586968039521
9561,0.13,0.13067976857610553
13269,0.05,0.05107683111756234
5758,0.31,0.3108223602342452
10027,0.11,0.1213122061308369
11511,0.08,0.08128102263289871
9262,0.14,0.14099585926106295
13390,0.05,0.04164832031759497
9300,0.14,0.140343016883039
8260,0.17,0.1601626001701404
10406,0.11,0.10994079944300643
5600,0.32,0.3205387719607048
12272,0.06,0.060823859689231895
8953,0.15,0.1510537778595368
13966,0.04,0.04105858417660369
251,4.38,4.380295836504604
10580,0.1,0.10061854813857675
12873,0.05,0.04983721848675632
3595,0.56,0.559674663484922
11234,0.09,0.09033224933951475
4804,0.4,0.400189072693829
150,5.83,5.81947677542516
1312,1.46,1.4591044116865004
12560,0.06,0.06008036158003172
6986,0.23,0.23967993226907036
351,3.61,3.6090460816287884
6605,0.26,0.26085012968140875
14169,0.03,0.031341223084359375
3788,0.53,0.5303827513459283
3712,0.54,0.5397378729690353
14449,0.03,0.030698031569804645
13557,0.04,0.04074861219167945
6431,0.27,0.26010213780295965
9478,0.13,0.13007415468609176
4155,0.47,0.47013337766046703
1532,1.29,1.2901273427416746
2012,1.04,1.039429516064731
9372,0.13,0.13091341148382468
12485,0.06,0.06086778255523307
10630,0.1,0.10099444374178883
3262,0.62,0.6199124909923535
14249,0.03,0.03117887121168969
1992,1.04,1.040798835622978
8986,0.15,0.14947569802475316
16202,0.01,0.01059717744302056
16357,0.01,0.011497839659066655
15371,0.02,0.020784228130711374
13656,0.04,0.04047676342043032
11717,0.08,0.0805047497852843
15710,0.02,0.020856188096917423
16036,0.01,0.010728380943803958
6733,0.25,0.249997300811141
11806,0.07,0.07240630017172102
9057,0.14,0.14004708075501432
13453,0.04,0.050400446826875805
16072,0.01,0.010370174035080625
7267,0.22,0.22034246824027573
9052,0.14,0.13998004097398695
3859,0.52,0.5203790825070223
736,2.2,2.189460716727927
6089,0.29,0.2900796203671073
5374,0.34,0.3498189115901317
4850,0.4,0.4003801600196091
2618,0.79,0.7904552256457519
14587,0.03,0.03085703584778533
8163,0.18,0.16996917705984715
10922,0.09,0.10017662069129538
5741,0.31,0.31018200963524195
4134,0.48,0.4695445496127282
8610,0.16,0.15923134478212408
5048,0.38,0.37959438996811373
10094,0.11,0.11064857337297637
11242,0.09,0.08995616873450504
12738,0.06,0.0508848905608483
6949,0.24,0.24169116520936562
1200,1.55,1.5602742250568622
7834,0.19,0.19017753428454245
13817,0.04,0.04073354468457953
13938,0.04,0.0405382312301429
4627,0.42,0.4198135728293615
7785,0.19,0.19016931654512928
4826,0.4,0.3906741463585788
5133,0.37,0.36047505784149386
12467,0.06,0.06056308312540234
534,2.79,2.7894156478908796
10893,0.09,0.09012138814831266
3213,0.63,0.6199177542460725
15494,0.02,0.01156354142434518
6476,0.26,0.2710047055243262
11983,0.07,0.07194704568950652
8087,0.18,0.17902053965108186
6420,0.27,0.2598788013852034
6866,0.24,0.23066121281518043
11080,0.09,0.0902837146291043
3663,0.55,0.5595019918691629
1856,1.1,1.0996550759824766
4265,0.46,0.4596525452200626
5382,0.34,0.34069989222389396
15542,0.02,0.020598968430348537
1691,1.19,1.189987646288551
14133,0.03,0.04164303480601108
7746,0.19,0.2003636630436086
13388,0.05,0.05073308595175704
11077,0.09,0.09041304497083345
2005,1.04,1.040216257964015
8274,0.17,0.17048458611337922
15857,0.02,0.01974738183313951
4692,0.41,0.419597838635427
641,2.41,2.409411898976304
466,3.02,3.029132008576499
5802,0.31,0.3097180048394058
11010,0.09,0.09016401868907375
7836,0.19,0.19032311321414008
11712,0.08,0.07998245526065532
13814,0.04,0.04043525992527321
411,3.27,3.2694494966479066
5864,0.3,0.28982407723514325
6454,0.26,0.2597397937826663
15716,0.02,0.02006831113802096
3018,0.67,0.6711021540545814
8703,0.16,0.1600184792148621
6894,0.24,0.2409010347019898
6549,0.26,0.2598311525436381
9238,0.14,0.14019088782738162
14478,0.03,0.03064728444573565
8242,0.17,0.1698824064056956
7266,0.22,0.2204646060934851
3017,0.67,0.6703249609428353
4444,0.44,0.44005169656892174
10919,0.09,0.08989802546850173
15691,0.02,0.02034732929520011
2802,0.73,0.7301056132444546
9531,0.13,0.1306029070694591
4224,0.46,0.46993048583416797
879,1.94,1.9490774431330884
5429,0.34,0.33961922566542635
5414,0.34,0.34022153204751715
2809,0.73,0.7298842324404355
3926,0.51,0.5097275307566432
752,2.17,2.1593499725128034
2898,0.71,0.7102301985999617
10536,0.1,0.10042767001843544
519,2.82,2.8199647202934717
6749,0.25,0.2502609720448217
7124,0.23,0.22866288414740263
127,6.51,6.500207065610567
8704,0.16,0.15890666125482883
12816,0.06,0.059262530592489995
4569,0.42,0.43039996394994107
10201,0.11,0.11066382671935834
15068,0.02,0.02072162033823017
14046,0.04,0.030926722045105052
13464,0.04,0.03971979205400333
99,7.34,7.339603404855646
2708,0.76,0.7596806990593932
8464,0.16,0.1598001038604906
3905,0.51,0.5101515346319625
6950,0.24,0.24049032725687733
1810,1.13,1.1294986690413542
7082,0.23,0.22069752527216113
9332,0.13,0.1404503062084987
12561,0.06,0.06042223417761182
13188,0.05,0.050193606609166753
11840,0.07,0.06998016102280315
4107,0.48,0.48020693451272434
2886,0.71,0.6994279650301736
7901,0.19,0.190408935640533
3110,0.65,0.6495495221510437
15523,0.02,0.020954828115693405
10680,0.1,0.10020862290712049
11563,0.08,0.080579435528706
8495,0.16,0.1593311931836063
13715,0.04,0.04043826039634483
13042,0.05,0.06051245923722344
2242,0.93,0.9200608501232758
8717,0.15,0.1602275923701192
10533,0.1,0.10014996697042713
12148,0.07,0.07130016592375567
5271,0.35,0.34976321874028127
7061,0.23,0.24019492417018004
2922,0.7,0.6993173465513794
1742,1.16,1.1593386652420707
13024,0.05,0.05093039828880419
1036,1.72,1.719580780813894
12313,0.06,0.05922338931814776
10937,0.09,0.09079071290538715
12460,0.06,0.060257821055876425
5110,0.37,0.3699754126381237
5875,0.3,0.2999919440040271
9523,0.13,0.13038956144255986
13369,0.05,0.04119218733167919
8895,0.15,0.14055612606636672
9348,0.13,0.1301057024094887
11553,0.08,0.08063731949520264
2489,0.83,0.829717654560434
16552,0.01,0.010149390081780434
15800,0.02,0.011244454115519172
15231,0.02,0.021557667918626216
486,2.94,2.9290811513556467
12497,0.06,0.06067574777052889
11433,0.08,0.08017081920113736
4113,0.48,0.47961720868769003
1057,1.69,1.6994596327673452
5127,0.37,0.37049759993183784
9321,0.14,0.13042392702440792
11041,0.09,0.08049339937767627
8199,0.18,0.16994762398490057
11513,0.08,0.08106109483520488
12014,0.07,0.07066288461397274
13884,0.04,0.04106974816559243
9444,0.13,0.13004815785984467
4418,0.44,0.44987154682678243
14272,0.03,0.03076349861505009
11469,0.08,0.08028987721373912
15171,0.02,0.02067089737417447
12659,0.06,0.06035817270377304
3884,0.51,0.5097982018085685
14515,0.03,0.03005887785816224
14846,0.03,0.029579012039803718
8419,0.17,0.16064396179343
7722,0.2,0.19963939608370118
5583,0.32,0.31947687530821856
9733,0.12,0.12975387890865947
15825,0.02,0.021119272458501197
10321,0.11,0.11056285865263757
3664,0.55,0.5596123284112001
737,2.2,2.2004750771844708
9722,0.12,0.1203902622709744
4542,0.43,0.4299011979490181
1374,1.41,1.409904107568646
10430,0.1,0.10018734597085713
13550,0.04,0.04126568607276427
5490,0.33,0.3298400419250462
7188,0.22,0.2103035569573844
6994,0.23,0.22991166724596981
8797,0.15,0.1499891548900469
9438,0.13,0.1296626077958605
13111,0.05,0.05065806478384915
13703,0.04,0.05100159441660279
8026,0.18,0.18049790126472934
10628,0.1,0.10069332573402703
12238,0.07,0.060907104949115304
5391,0.34,0.3502993145755693
11394,0.08,0.08211181806808578
11499,0.08,0.08018103448486674
6565,0.26,0.26172680701532836
10076,0.11,0.11042149678173441
5539,0.33,0.3300550183173527
5255,0.36,0.36020995488224705
7561,0.2,0.20052681335940697
15384,0.02,0.020732706796952056
6207,0.28,0.28129194777210226
10033,0.11,0.11074963027035596
1549,1.28,1.269421617823765
57,10.55,10.549836253545855
9811,0.12,0.11988640929947197
10513,0.1,0.09997544683881567
15536,0.02,0.0197056876179139
14094,0.04,0.04043963073033992
2072,1.0,0.9996415814903398
6113,0.28,0.2912759645383338
9388,0.13,0.13157522654152443
5665,0.32,0.31980130060286427
8190,0.18,0.17059540491477687
8204,0.18,0.18004154744801965
4528,0.43,0.4297340106875672
9481,0.13,0.13084114106914893
9665,0.12,0.12077593076452774
5361,0.34,0.3508036103146432
4817,0.4,0.4000775374157861
674,2.35,2.349509411780607
6708,0.25,0.2515894558373106
12455,0.06,0.05057132932700566
8394,0.17,0.17032031901469785
12931,0.05,0.05067845936639899
10969,0.09,0.091036441265847
8300,0.17,0.18032721049295405
16102,0.01,0.010906697839371076
2471,0.84,0.8490439047367399
1498,1.32,1.309326717234172
11259,0.08,0.08034906520234286
15891,0.02,0.01130016481643023
5577,0.32,0.319947250028293
4895,0.39,0.3899697863632799
6746,0.25,0.2503217365368371
8269,0.17,0.17076055437928844
14892,0.03,0.020370820079383845
4477,0.44,0.44041216270804484
188,5.15,5.149836640019766
10198,0.11,0.10929028950882448
13391,0.05,0.05017465667913441
14001,0.04,0.031078790410309025
11762,0.07,0.06977754314459655
11323,0.08,0.09055903788633933
14940,0.02,0.02132175867985828
5616,0.32,0.33040859853108967
15390,0.02,0.02048774675430666
11932,0.07,0.07048312584382646
1713,1.18,1.1793844291330169
3565,0.56,0.5697963735863942
9366,0.13,0.1418972274199159
9373,0.13,0.14007831182776773
709,2.26,2.2605130707422076
14401,0.03,0.03034684311228378
12792,0.06,0.059326815827189364
13780,0.04,0.050504572923781105
1304,1.46,1.4496389305363997
10617,0.1,0.10024457061514168
3102,0.65,0.650761487433399
16098,0.01,0.011177471596693758
7848,0.19,0.18969789365731496
6288,0.27,0.2799227756331315
7602,0.2,0.2006482302645828
15084,0.02,0.020452431834550304
4894,0.39,0.3904516320669985
10802,0.1,0.10062037367915531
10015,0.11,0.11074856109974103
7867,0.19,0.19027470331297966
1772,1.15,1.149794001627543
10220,0.11,0.11093640169070118
8227,0.17,0.18008118881874918
12410,0.06,0.06035393479354915
1248,1.51,1.5094542984419523
885,1.93,1.929728614424715
6778,0.24,0.2397259633782463
13313,0.05,0.05104182004564417
398,3.36,3.360398883796502
9960,0.12,0.12013758540819267
13875,0.04,0.04099816666352675
5190,0.36,0.3598329551413536
6814,0.24,0.2308411350401965
10020,0.11,0.11167852210875971
7600,0.2,0.209900698396285
15927,0.02,0.011482392014471317
11805,0.07,0.07060118807836945
6294,0.27,0.2701691712652189
8838,0.15,0.15040227684267382
5525,0.33,0.331614099464519
14978,0.02,0.02026787962607031
2764,0.74,0.7397460270527553
16574,0.01,0.011077957492883494
2274,0.91,0.9215196602069514
11865,0.07,0.07076769902764798
13484,0.04,0.04015479298120773
9726,0.12,0.1300598035288652
13636,0.04,0.04050186294378674
2088,0.99,0.9894556936980241
14504,0.03,0.031206459042496984
15517,0.02,0.02121953131954686
2028,1.02,1.0199725529579942
12107,0.07,0.07032387365810051
11757,0.07,0.07003144392574988
7093,0.23,0.2297108716027958
4047,0.49,0.4900068020310665
3622,0.56,0.5495156651335159
10652,0.1,0.10057972619973711
2275,0.91,0.9197387001575756
3556,0.57,0.5599166888051536
2160,0.96,0.9596960999079523
280,4.14,4.139042213788948
2329,0.89,0.8892748662510628
14827,0.03,0.022354804689994113
12247,0.06,0.06032985434735968
14099,0.03,0.03012110495062133
8653,0.16,0.16049912489981394
14553,0.03,0.020519581334603784
15564,0.02,0.020589333169804776
3807,0.53,0.5294943898866218
11909,0.07,0.0706136512710088
8614,0.16,0.16012621535651023
16450,0.01,0.01010400358036934
3039,0.67,0.6697977912536807
8564,0.16,0.16006539392631292
3698,0.54,0.5399428408796054
6401,0.27,0.27007551210693337
12914,0.05,0.05071947388799061
14633,0.03,0.03137856697187501
16479,0.01,0.01138477983456044
7548,0.2,0.2095322234035398
506,2.86,2.8597584698912746
7095,0.23,0.22985730743489965
5471,0.33,0.33004894192039314
15212,0.02,0.02206237767343455
2626,0.79,0.7900971906871931
16011,0.01,0.011300571178570935
2588,0.8,0.7899116354544549
9247,0.14,0.13049744538582492
2755,0.75,0.7396839545673035
425,3.19,3.189227043408418
4913,0.39,0.390414729053527
4399,0.45,0.4496604873399691
14481,0.03,0.02029259468785594
9072,0.14,0.14068904487771078
7914,0.19,0.18977433454526674
13355,0.05,0.04101977683658761
15676,0.02,0.020760996394198934
6155,0.28,0.280190356653643
4359,0.45,0.4503165395809928
13832,0.04,0.04041120636784824
5230,0.36,0.35991555636009165
15858,0.02,0.011302677330715272
3288,0.61,0.6099718677189145
10946,0.09,0.10034552231909391
5038,0.38,0.380184651613628
10355,0.11,0.11055206299872775
2143,0.97,0.9609101404907616
6256,0.28,0.2796597009173015
7543,0.2,0.210101590986694
3998,0.5,0.5012833201264306
11050,0.09,0.09104260668313341
10399,0.11,0.11025936514524659
14469,0.03,0.03072959538462723
4345,0.45,0.44012233075124313
1987,1.05,1.050178686068668
8437,0.17,0.16075854854207472
2187,0.95,0.9399763305886133
2153,0.96,0.9594067342401911
2236,0.93,0.9402554881716704
8427,0.17,0.16939122528886447
11851,0.07,0.08031732551948685
14728,0.03,0.021459142560512887
13585,0.04,0.04080352190809135
1167,1.59,1.5794721293450213
3428,0.59,0.5794128563807983
3658,0.55,0.5595388893171017
11812,0.07,0.07017121549218852
5182,0.36,0.3598631837225972
339,3.67,3.6694285424217776
10889,0.09,0.08997098508517401
1395,1.39,1.3895737239479797
564,2.67,2.669819167658314
11864,0.07,0.07073302701951881
13836,0.04,0.041251784429710996
13920,0.04,0.04041108029043594
857,1.98,1.9697860648179502
15281,0.02,0.020216380111826353
12605,0.06,0.0609664006439731
7302,0.22,0.21026663981362137
10989,0.09,0.09061559682854088
1455,1.34,1.3501281553834081
4911,0.39,0.39943927598293244
7976,0.19,0.18989366525908724
9414,0.13,0.1300394278860072
15202,0.02,0.03125302797494822
11654,0.08,0.08007433772142292
2913,0.7,0.7001999279809219
3649,0.55,0.5398821931292195
3077,0.66,0.6602441660540219
14125,0.03,0.041200894282841447
9996,0.11,0.11080413236547493
14038,0.04,0.04067062012699346
15472,0.02,0.020328955395859466
2323,0.9,0.8897403813678495
177,5.26,5.250036112073727
13452,0.05,0.04034674308131923
8445,0.17,0.17071655443333522
7742,0.19,0.1918117344811303
14762,0.03,0.0311921301831635
9097,0.14,0.14023556238669774
2952,0.69,0.6892718576854562
6232,0.28,0.280057700867948
3508,0.57,0.5695160230405978
4351,0.45,0.4499440489073303
15546,0.02,0.011099054820078245
9002,0.14,0.14086226526587436
2931,0.7,0.6995641504857645
6870,0.24,0.24046860824756336
4842,0.4,0.4000914971193741
9634,0.13,0.12034983654611522
2042,1.01,1.0099996541497667
15762,0.02,0.020896053912294557
7247,0.22,0.2208585974813878
7648,0.2,0.19087480024950068
15422,0.02,0.020756319014558447
15621,0.02,0.020834498046137448
10114,0.11,0.11031442981644944
5940,0.3,0.29051631807698897
12587,0.06,0.060853490457538593
7957,0.19,0.17996840411509593
625,2.47,2.4693633542302407
11645,0.08,0.08034938078860837
11487,0.08,0.08079239370389688
4681,0.41,0.4205349939873202
14503,0.03,0.030113001507007495
9494,0.13,0.1304864954370688
2186,0.95,0.9497773224525903
9677,0.12,0.12066222014208165
2302,0.9,0.8994575317051692
13769,0.04,0.04036343850232558
8667,0.16,0.1602488422134286
8991,0.15,0.15210590572016497
1108,1.65,1.6396807862871068
16261,0.01,0.010693528016590615
8224,0.17,0.17971453019380856
7633,0.2,0.20011066106100278
9602,0.13,0.12064730861502194
11944,0.07,0.07086424704010369
9830,0.12,0.12082167036140286
5292,0.35,0.3495248671169615
14119,0.03,0.031302902371211624
6838,0.24,0.25039147952324564
7761,0.19,0.19047322555034601
1360,1.42,1.4198802374162764
14861,0.03,0.03109152847946011
14339,0.03,0.030387678282716244
6937,0.24,0.23044701739893514
1700,1.19,1.1904698762801775
13890,0.04,0.030670261741043953
10319,0.11,0.1000682251393901
11470,0.08,0.08035248563446493
1413,1.37,1.3694976059886352
10670,0.1,0.09065698221203158
4309,0.45,0.44907513551976797
11713,0.08,0.07058914229248864
1771,1.15,1.1498556553287815
15817,0.02,0.02062703830577555
10271,0.11,0.11010170076041756
3320,0.61,0.6105036462383361
8879,0.15,0.15046162694729864
3867,0.52,0.5206017656859645
6418,0.27,0.2700604481493979
2817,0.73,0.7298700844489312
14826,0.03,0.02057646215936163
12711,0.06,0.0597307113437554
5723,0.31,0.3102150294665964
15045,0.02,0.02071619857835491
14990,0.02,0.020220106412813223
8968,0.15,0.14061620168565625
8734,0.15,0.15076505754423614
13599,0.04,0.04067536296062044
6891,0.24,0.23955199012695932
12689,0.06,0.06004708312033248
7662,0.2,0.20993127403682224
15042,0.02,0.02059152636854287
4262,0.46,0.4597721469904149
12211,0.07,0.07023130451912693
7483,0.21,0.20048989366051845
3073,0.66,0.6600568091410938
4228,0.46,0.45965058582505425
11552,0.08,0.08088545812434322
1040,1.71,1.7101672127013483
14851,0.03,0.020900261051713415
5993,0.29,0.29057893665711476
8856,0.15,0.1497615483059086
5144,0.37,0.37041033908002985
10541,0.1,0.10035865533049683
12810,0.06,0.06146323133504517
14132,0.03,0.041196333082470823
512,2.85,2.8497085679839795
6577,0.26,0.2617525462593437
263,4.24,4.249371457452566
12029,0.07,0.0704555599461748
11693,0.08,0.0808981094600067
16498,0.01,0.011455616962442215
11667,0.08,0.07093466145911424
7999,0.18,0.19020770802133447
3074,0.66,0.6598791670825468
9982,0.12,0.12002512686952249
13448,0.05,0.04959418680307012
1372,1.41,1.4196065679184606
7952,0.19,0.18999936985497326
13421,0.05,0.050405398701861684
8976,0.15,0.14049653939012913
3909,0.51,0.5098576743586475
15709,0.02,0.02053348179457102
2457,0.84,0.8393336331891519
7875,0.19,0.19097362011649308
9594,0.13,0.13044116093761954
14878,0.03,0.020656353789187013
8712,0.16,0.16025507436406883
15819,0.02,0.011234534336397276
2811,0.73,0.7302408649065857
15548,0.02,0.02098912692785248
5089,0.37,0.3698292835273262
1626,1.23,1.2306381621316018
10395,0.11,0.11011624465521433
5150,0.37,0.3600730741608709
3047,0.67,0.6693972563042284
3538,0.57,0.5695835347668694
13274,0.05,0.05131126512946367
3321,0.61,0.6110316398043927
5303,0.35,0.340041254535613
3028,0.67,0.6693615055067412
8740,0.15,0.1599376324605335
1007,1.75,1.749645705431253
379,3.48,3.469850608764413
7897,0.19,0.18992877932994146
16360,0.01,0.01029364620999414
938,1.85,1.8502622446396262
16196,0.01,0.011453324368345709
6931,0.24,0.23979746564984447
7616,0.2,0.2007130565280932
15140,0.02,0.020191567684093012
2258,0.92,0.9204171742668567
3629,0.55,0.5598867483355865
8627,0.16,0.1503187884717863
2443,0.85,0.8493154192604148
543,2.77,2.7695613823208034
13577,0.04,0.040982609062179466
1892,1.09,1.0897491435560136
1072,1.68,1.6893565611093968
6572,0.26,0.26027210053416416
5003,0.38,0.3907802736625824
10376,0.11,0.11064169345719933
9791,0.12,0.12046330576773506
2348,0.89,0.9003346292700223
13513,0.04,0.04072889614106677
4088,0.48,0.490575693756415
293,4.05,4.049360463818803
1802,1.13,1.1297001121984902
14717,0.03,0.030985011656774312
474,2.99,2.9897263377844094
8170,0.18,0.18098713389866053
5815,0.31,0.31001830979737244
11559,0.08,0.08023112482962269
10759,0.1,0.10065931255852692
8750,0.15,0.15099948251413026
9501,0.13,0.13050948943989485
1965,1.05,1.0501575398849714
6529,0.26,0.26064333838663317
3957,0.5,0.4999971451370738
4494,0.43,0.41943080520842013
10212,0.11,0.11034772143988544
11617,0.08,0.0812370769392607
15177,0.02,0.020794632390400365
3951,0.5,0.49970419770010277
1686,1.19,1.1895679030678612
13433,0.05,0.050276733402992504
15103,0.02,0.020545059726092316
5646,0.32,0.3197590547587409
11638,0.08,0.0803476395103665
2177,0.95,0.9498856972218247
1352,1.43,1.4194916331373282
2319,0.9,0.8997015022974577
9206,0.14,0.13090257964523552
915,1.88,1.8799231935014773
14902,0.03,0.02058740761915212
10921,0.09,0.09047923678516245
14838,0.03,0.03114061795149275
3739,0.54,0.5383641691730574
3851,0.52,0.5196469736012552
5598,0.32,0.3303977375365786
1652,1.21,1.2098139447581957
8046,0.18,0.17977050598870353
3254,0.62,0.6193542882673579
15725,0.02,0.011291236707650296
5436,0.34,0.33031391315723146
14136,0.03,0.03140079831183909
2806,0.73,0.7309834061412583
15011,0.02,0.020630420746938574
420,3.21,3.2093530171880427
7626,0.2,0.20232228891136073
10110,0.11,0.1108176886340627
4631,0.42,0.4302026141966694
8757,0.15,0.15140746322273335
8303,0.17,0.1697559094295731
4973,0.39,0.39068860003115446
8695,0.16,0.15058553455365478
13363,0.05,0.05168115599502646
10599,0.1,0.09027190639398075
2384,0.87,0.868682988130068
9601,0.13,0.13015167341691083
16066,0.01,0.010639343653686992
9750,0.12,0.12015730673533265
10342,0.11,0.1105999102872979
12052,0.07,0.07036411465889159
1214,1.54,1.5407435956633218
13058,0.05,0.05131563888641537
8263,0.17,0.180777904614016
1054,1.7,1.6997285096058934
84,8.09,8.089921983294289
1227,1.52,1.5201760357631198
8907,0.15,0.1502674638279913
1634,1.22,1.23025275174557
2642,0.78,0.7799447871309543
10460,0.1,0.10006176847293417
1723,1.17,1.1699969055385648
15269,0.02,0.021434929023183717
16053,0.01,0.011032887706389265
10038,0.11,0.12050254198092314
8607,0.16,0.17019458535564524
15537,0.02,0.01149355003121947
1661,1.21,1.2101144477549517
9676,0.12,0.13034427281914004
12566,0.06,0.06037299529135565
6398,0.27,0.27006820447319557
13017,0.05,0.050313590904990664
176,5.27,5.249608628268606
8646,0.16,0.15047635684670208
12439,0.06,0.060351412876069176
10647,0.1,0.09040418344129664
1087,1.67,1.6693106719100714
13279,0.05,0.05167950331229445
1006,1.75,1.7595939081618903
10491,0.1,0.1008162655333729
7530,0.2,0.2002793949306565
8947,0.15,0.14945567045021782
8130,0.18,0.18237124371159208
12182,0.07,0.0711297517756579
4217,0.47,0.45958575492733855
11605,0.08,0.08058616818173192
8747,0.15,0.1497304988849577
7958,0.19,0.18878674645470667
5081,0.37,0.3799627527574103
11148,0.09,0.09039263989535037
14359,0.03,0.030273986973658944
10144,0.11,0.10016555655577086
15840,0.02,0.0206040629211946
15343,0.02,0.02190009872367544
9860,0.12,0.1201046942000407
11839,0.07,0.07044771614623561
13209,0.05,0.05045591643424445
12489,0.06,0.06027432928732975
50,11.18,11.179966615455845
6730,0.25,0.24984314745535957
15862,0.02,0.020343836621419198
3216,0.63,0.6302580462538797
6145,0.28,0.2805762794072557
3266,0.62,0.6202947737454064
8688,0.16,0.1608424459647141
8258,0.17,0.1705412818149796
904,1.91,1.909958267262089
14890,0.03,0.030474225690384594
9283,0.14,0.1304680217887551
5719,0.31,0.3099751258773596
434,3.16,3.1605813913793765
15469,0.02,0.0207428023603521
9065,0.14,0.14022428505865642
9083,0.14,0.1404694788267763
431,3.17,3.169557380691555
2558,0.81,0.7991178927293378
8798,0.15,0.15062693874503358
2718,0.76,0.7596154695701417
11556,0.08,0.08072410336967703
15020,0.02,0.021387914297225273
8315,0.17,0.1611040338411838
14900,0.03,0.030818431491743317
11283,0.08,0.09068830311300083
7840,0.19,0.18996766159742473
12551,0.06,0.060375852484448926
2250,0.92,0.9201434467438503
2091,0.99,0.9899478382999686
7497,0.2,0.20959130466159046
3872,0.52,0.5196904158150835
15292,0.02,0.019660676733408218
5957,0.29,0.2898187294023432
2688,0.76,0.769781627894475
8723,0.15,0.15083818544205843
6785,0.24,0.24023562256255754
9322,0.14,0.14050030630654814
14226,0.03,0.03055802661035954
10487,0.1,0.10115623920296518
4197,0.47,0.4700158947433575
14751,0.03,0.03029969749340944
2936,0.7,0.689800008807109
10747,0.1,0.09124809287953711
15587,0.02,0.0208991950105422
5348,0.35,0.3404906760037322
11128,0.09,0.08048001563200585
933,1.86,1.8498592723306966
12755,0.06,0.06058767429427003
4405,0.45,0.44922636600968047
11490,0.08,0.08089703980730943
14669,0.03,0.029622950035035362
12608,0.06,0.060142569210686815
12383,0.06,0.06121507233660339
4924,0.39,0.38949771562781266
15519,0.02,0.020663497917694146
8230,0.17,0.1604975509651448
2878,0.71,0.7097561490106579
12267,0.06,0.061208540555073646
11337,0.08,0.08048726276450673
10814,0.1,0.09981784779492883
14068,0.04,0.03073972471354746
11815,0.07,0.07066796564857841
15414,0.02,0.020989516415934932
11026,0.09,0.10046455904315423
15026,0.02,0.021267238339767208
3605,0.56,0.5600117771828281
13864,0.04,0.04018819265686858
8318,0.17,0.17052777950544493
353,3.61,3.609761157837072
14731,0.03,0.031778000268273404
4870,0.4,0.3899015492736544
8148,0.18,0.17216791558051414
14357,0.03,0.03041614124957322
2424,0.86,0.860182397589395
15814,0.02,0.02092742028509997
6177,0.28,0.2900103827827425
10432,0.1,0.10085502491994766
10454,0.1,0.10956819769662494
5423,0.34,0.33982183630455903
12869,0.05,0.050575131371846535
14370,0.03,0.029893848750481587
12760,0.06,0.060457121567161765
13603,0.04,0.040340878910042455
7780,0.19,0.18976769046585026
2613,0.79,0.7997311705873109
6456,0.26,0.2698132924367039
5674,0.32,0.32079076213612245
7378,0.21,0.21002211802455042
4409,0.44,0.4496503516825652
4081,0.48,0.47923144222849307
12767,0.06,0.060398535711856605
5827,0.3,0.3100729868228434
2775,0.74,0.7398667079987027
1375,1.41,1.4094785542432846
1770,1.15,1.1498266336476854
2549,0.81,0.8095732915139315
931,1.86,1.860650561247137
12857,0.05,0.05010657423429627
7174,0.22,0.22088690864716418
3716,0.54,0.540341193575147
5806,0.31,0.3099679279682389
10470,0.1,0.11053839540279634
5934,0.3,0.3000879106165262
14688,0.03,0.02136718790200383
3295,0.61,0.6096350390169668
10631,0.1,0.1010014212538182
3507,0.57,0.570306564027572
1687,1.19,1.2002415901113013
7460,0.21,0.2104572764266804
4988,0.38,0.3801641652258819
5936,0.3,0.30038639372201437
1595,1.25,1.249476453409101
9082,0.14,0.1401490694490194
6346,0.27,0.2708111664317022
9767,0.12,0.12984081497481978
10907,0.09,0.10102758575043201
2830,0.72,0.7189445869014347
16348,0.01,0.01205894812940414
11701,0.08,0.08003016580909969
6701,0.25,0.2392697853388605
5104,0.37,0.37027773535532016
10128,0.11,0.1101861547522503
12825,0.05,0.05053478329154294
16220,0.01,0.010326295142144688
5025,0.38,0.3816699258967276
6865,0.24,0.24024756452223422
11538,0.08,0.080808176157728
13241,0.05,0.05002349798231426
3175,0.64,0.6404667445066214
3451,0.58,0.5901060121446484
5175,0.36,0.35995062799409794
10187,0.11,0.11056453423198978
8483,0.16,0.16038011969150065
13982,0.04,0.04042691361975522
13329,0.05,0.05105878450448168
4777,0.41,0.39999061514703327
168,5.42,5.419313331887825
12856,0.05,0.05136295413505829
9829,0.12,0.11928285769075822
1012,1.75,1.7392189396913897
10795,0.1,0.10028311413129515
9073,0.14,0.14106246151978974
10001,0.11,0.12049631472373923
7429,0.21,0.21044509516576573
4764,0.41,0.4098307725684218
10551,0.1,0.10048360370830871
11807,0.07,0.07046059708155203
1237,1.52,1.5192917986936423
3105,0.65,0.6595696136249983
13371,0.05,0.03962796648140596
5033,0.38,0.3795298351054701
12518,0.06,0.06009519256476067
14,22.0,21.999995315237356
683,2.32,2.310611298945222
15860,0.02,0.010357289811274158
5392,0.34,0.33980920479741467
12171,0.07,0.07055100577556711
8662,0.16,0.16049088010510026
8519,0.16,0.16036601296487601
9178,0.14,0.1408949334600788
3447,0.58,0.5903088835760999
3111,0.65,0.6492941283207386
13781,0.04,0.039464306320267026
6093,0.29,0.2896573256110969
15283,0.02,0.020239420826822153
7167,0.22,0.21990390557369738
10927,0.09,0.09054549305757022
14707,0.03,0.0304548781999697
7197,0.22,0.22036170700982932
12599,0.06,0.061096501136529605
5846,0.3,0.3117235682397848
15438,0.02,0.020391094027078276
609,2.52,2.520257327695631
15784,0.02,0.020949595294722557
4031,0.49,0.48997348355688464
6079,0.29,0.29022783752073456
11924,0.07,0.07019209478894947
2338,0.89,0.8898446275247244
3727,0.54,0.5402216065953609
15672,0.02,0.020815141810531228
3955,0.5,0.5100505740408114
11438,0.08,0.08025812098170562
1062,1.69,1.6996829253733003
3347,0.6,0.610063409003527
5126,0.37,0.3602929994291738
488,2.94,2.940729296676388
11307,0.08,0.0908856607496765
7350,0.21,0.21071241462731935
13929,0.04,0.040920352742242906
9383,0.13,0.13039240927577792
12846,0.05,0.05035444478083229
9872,0.12,0.11126306201323033
4993,0.38,0.3803408674106259
13872,0.04,0.040706119107700445
14041,0.04,0.030154016803599304
15401,0.02,0.021108628554101998
9167,0.14,0.14031892849647143
12699,0.06,0.04954076220716627
10059,0.11,0.11045897343214212
13630,0.04,0.0514898607134453
8521,0.16,0.16003237481708066
1404,1.38,1.3790954158887363
10125,0.11,0.11012902787967116
1079,1.68,1.6697500882037049
2612,0.79,0.7893912627769923
9130,0.14,0.1398862118250384
6228,0.28,0.2799705494746853
8562,0.16,0.16004321386826695
286,4.1,4.099289896373836
10815,0.1,0.10039800942735694
6179,0.28,0.2806262317805148
8479,0.16,0.1601557258300368
10446,0.1,0.10049197759091162
13153,0.05,0.040701622061184106
14561,0.03,0.030484294628301403
10116,0.11,0.11019849669795181
14738,0.03,0.020298656727039253
6227,0.28,0.2706340972753336
2254,0.92,0.9201432876257638
7270,0.22,0.22094114012667937
14771,0.03,0.029558643893376167
8698,0.16,0.16064292144589512
11270,0.08,0.08205184921447309
6852,0.24,0.23991319980693646
2981,0.68,0.6802938938475181
9740,0.12,0.13124674652943003
3485,0.58,0.5800232220350314
12912,0.05,0.05006548448841996
6919,0.24,0.23996882270323855
13900,0.04,0.030423031437079206
9703,0.12,0.13054964700638522
14725,0.03,0.031131866929236543
15733,0.02,0.010565137310724709
12735,0.06,0.060097097534919604
2305,0.9,0.8993889544421418
12787,0.06,0.06023588563612598
5826,0.3,0.319917331933816
11182,0.09,0.09062510291197823
12645,0.06,0.06047395300439437
5092,0.37,0.3698841231043539
4880,0.39,0.3904857280232095
4199,0.47,0.4701867094194957
2505,0.82,0.829417040875744
6878,0.24,0.23983335177410922
14732,0.03,0.020590103220625128
9699,0.12,0.12083568069648055
11621,0.08,0.08024379508273269
3062,0.66,0.6602268386508742
4455,0.44,0.4300332433918214
9053,0.14,0.14014056903783423
6161,0.28,0.28027182227478764
4861,0.4,0.3998996710118564
12670,0.06,0.06041067168695753
5524,0.33,0.32966661499628813
16224,0.01,0.010367013767039367
15734,0.02,0.011240107167867337
2923,0.7,0.7005425212150151
3431,0.59,0.5799243236817605
10835,0.09,0.10075327314728968
6610,0.25,0.25026656975163863
14422,0.03,0.03082401082920955
16176,0.01,0.010931675289801306
10105,0.11,0.11071027413693892
8621,0.16,0.1603985687333937
11561,0.08,0.08145708501796654
1577,1.26,1.2599685417368778
4517,0.43,0.42065404148823304
7032,0.23,0.23023002408350648
2132,0.97,0.9796800689238553
10035,0.11,0.11015769279399287
8,28.62,28.610138441320853
1619,1.23,1.2298181505781112
492,2.91,2.9104185062492873
12784,0.06,0.05196059543122867
14586,0.03,0.021520373752820388
8478,0.16,0.1697621549644263
4812,0.4,0.39962124844839275
11418,0.08,0.09013682013941834
12921,0.05,0.05061316273773787
9399,0.13,0.13074262534188974
5850,0.3,0.29997534036804546
316,3.84,3.8400745319258665
16575,0.01,0.010513159515582283
3498,0.58,0.5800960082009561
3657,0.55,0.5498367204702042
4686,0.41,0.41016583459833694
1536,1.29,1.2794813629812327
2180,0.95,0.950917844514219
15679,0.02,0.010071606163537597
2057,1.0,1.0099519672502817
7936,0.19,0.19033003104469656
12730,0.06,0.061457819147181326
4170,0.47,0.4697057452664736
1924,1.07,1.0701919482041071
7643,0.2,0.20078346315822143
13774,0.04,0.040732054480685745
1271,1.49,1.4903899084103136
2392,0.87,0.869639094711738
16344,0.01,0.01123625757666636
9518,0.13,0.1292590385507954
1023,1.74,1.7392511856654833
15119,0.02,0.020560039595492997
14500,0.03,0.03194972723909306
16462,0.01,0.010473418178496001
6257,0.28,0.2803536850427561
10057,0.11,0.10977323425332579
6194,0.28,0.280173573076802
7117,0.23,0.23006470910384447
11678,0.08,0.08126265462374188
6628,0.25,0.2513055373222052
5548,0.33,0.3310503619249301
3582,0.56,0.5602949717009601
837,2.03,2.0403171930835122
15929,0.02,0.02058690601221761
14052,0.04,0.031124694572786833
13813,0.04,0.04077291197278448
10972,0.09,0.09015652445978627
8050,0.18,0.18018014853011793
9264,0.14,0.14016869577766514
8152,0.18,0.1799634616105305
16228,0.01,0.009743170966861742
3607,0.56,0.5513775145305662
12836,0.05,0.051065060073165996
7593,0.2,0.20017977159413264
15936,0.02,0.020616598283276034
6718,0.25,0.2502024800654462
15924,0.02,0.010676390554987009
1330,1.45,1.449522237620604
2499,0.83,0.8197947615771617
11571,0.08,0.08018745197746373
13981,0.04,0.04018320049050181
14617,0.03,0.030747053367035187
10904,0.09,0.09010075070192766
3641,0.55,0.5502964007680239
13461,0.04,0.05061087122553183
5817,0.31,0.3099916472866865
851,1.99,1.989567634411253
2102,0.99,0.9791683653777139
2868,0.71,0.7085338739408329
2730,0.75,0.7608961589350535
7793,0.19,0.1901132148872801
3334,0.6,0.6005320338334412
6008,0.29,0.2900269597965037
9175,0.14,0.13140473245833134
11914,0.07,0.07069731791807493
16566,0.01,0.011326857559183619
2409,0.86,0.8594653240112962
13460,0.04,0.040439775509325974
14954,0.02,0.031232678684410785
14840,0.03,0.020809031621919646
6380,0.27,0.27017624142275154
8690,0.16,0.1498414209573434
14895,0.03,0.03054904103053432
2795,0.73,0.7298869879863348
4449,0.44,0.44964574859400763
8283,0.17,0.1702321077808633
12069,0.07,0.0713566311851677
4273,0.46,0.4596961969819321
14812,0.03,0.02090120749579403
2722,0.76,0.7600057436400522
12405,0.06,0.06008325816642302
15210,0.02,0.021088393810065303
2860,0.71,0.7096989993372733
9519,0.13,0.13057929659946366
759,2.15,2.150626688763241
7851,0.19,0.19079677306901724
8048,0.18,0.19046682936648018
5022,0.38,0.38042429674147993
11083,0.09,0.09037090625410099
1325,1.45,1.4500019556702122
8354,0.17,0.170001096370738
14615,0.03,0.03022308080322347
13911,0.04,0.04085618185009471
3901,0.51,0.5097883676389978
896,1.92,1.9198466237277136
1322,1.45,1.4499337596410364
14079,0.04,0.0409634549380691
9637,0.13,0.12908315862834202
1226,1.53,1.5295126472369134
4872,0.4,0.38971995932055375
4036,0.49,0.4896845992063653
16199,0.01,0.011506051385961339
16305,0.01,0.012202303379831959
4003,0.5,0.5099572041454999
6517,0.26,0.26985037696322856
9013,0.14,0.1400003848070019
4836,0.4,0.3898467717774202
7265,0.22,0.2202243786498669
7486,0.21,0.19965839717196157
15886,0.02,0.020453269631309938
5638,0.32,0.320827484901696
3417,0.59,0.5900524714945736
3193,0.63,0.6307631289012703
9341,0.13,0.14037536060461958
11494,0.08,0.08064450803316842
765,2.14,2.140227300646543
10379,0.11,0.10993991672884146
16556,0.01,0.01124488964035475
2219,0.93,0.9305278551462917
9921,0.12,0.12069471227659928
7611,0.2,0.2008335577259118
13699,0.04,0.030289617529873164
12747,0.06,0.0601521126523864
11125,0.09,0.09037217785884194
7249,0.22,0.2200119202514498
1751,1.16,1.1596742941834868
9775,0.12,0.12065838873541072
15059,0.02,0.020107201880140986
8944,0.15,0.1502836499501683
13595,0.04,0.05129329652703572
14113,0.03,0.04122753746476963
7272,0.22,0.22002076902081297
13137,0.05,0.05202866702769654
13674,0.04,0.04070085551727213
5156,0.37,0.3594798251915021
6756,0.25,0.2512615981433595
9261,0.14,0.13988356459134446
9032,0.14,0.14163853042213997
15251,0.02,0.021363729158144988
3119,0.65,0.649558339317707
13696,0.04,0.04073355830257231
5944,0.3,0.2998598903886367
3910,0.51,0.5100157985024217
4640,0.42,0.4098077818057491
11023,0.09,0.09066316556856063
9271,0.14,0.1396796575763431
9563,0.13,0.13039371423567658
12236,0.07,0.07041956453719889
2217,0.94,0.9395491478713482
4237,0.46,0.46157428165953424
3190,0.63,0.6303914241074517
3953,0.5,0.5110718072611155
3475,0.58,0.5805342421399962
10422,0.1,0.10065397094421966
1328,1.45,1.4398638279452105
7535,0.2,0.20006212666151038
6711,0.25,0.24905034582037536
1461,1.34,1.3295528012232594
7338,0.21,0.2202590971733162
16157,0.01,0.01064821685817494
13712,0.04,0.040727864496018756
16565,0.01,0.010415135819791817
5787,0.31,0.31051706097157605
8898,0.15,0.1407639351199591
9967,0.12,0.1098469871905027
16560,0.01,0.009805779959607162
10184,0.11,0.10995840631856824
5380,0.34,0.33972647717036425
9156,0.14,0.140016524808154
1588,1.25,1.2502755517709838
15155,0.02,0.020774260993533862
14198,0.03,0.03130289288007028
11846,0.07,0.07018594989052357
14767,0.03,0.021479840101110044
6124,0.28,0.2896408746343809
11523,0.08,0.06960349542956007
15153,0.02,0.02045005322621287
12046,0.07,0.07040660624513408
5060,0.38,0.3802067107207704
3894,0.51,0.5102889137230283
8180,0.18,0.17034541267392328
7078,0.23,0.22992796239864052
15553,0.02,0.020477046556227535
4877,0.39,0.3896955306662939
6486,0.26,0.26047448615184454
13629,0.04,0.04073029399570802
6826,0.24,0.23980317829345743
9160,0.14,0.14038221850362198
15827,0.02,0.020777662127695072
7555,0.2,0.21030563960908455
11009,0.09,0.08024047113273067
2684,0.77,0.7705104116526513
9837,0.12,0.1189679972610945
2256,0.92,0.9198403174672611
6204,0.28,0.28976434150083835
15245,0.02,0.021329356286659995
11497,0.08,0.08042286110527677
14993,0.02,0.021190247730304507
46,11.89,11.900471088005247
4022,0.49,0.5003686061757785
13677,0.04,0.04108833049528176
13372,0.05,0.04103952218641401
7087,0.23,0.23071649885881812
373,3.5,3.4996039867848485
4987,0.38,0.38994136740750174
7720,0.2,0.191379726396181
11069,0.09,0.09044585185855343
15105,0.02,0.021110858880955423
7402,0.21,0.19999707065468633
6449,0.26,0.260068347258715
13039,0.05,0.050331738661338055
12511,0.06,0.060365516166808006
9473,0.13,0.13943940507774014
4337,0.45,0.4505584336777302
4760,0.41,0.4002366341488266
3424,0.59,0.5896462525701146
14471,0.03,0.030464181410315216
14208,0.03,0.030756734063381235
7070,0.23,0.23041095079955498
3461,0.58,0.5804818623096184
16443,0.01,0.010545111850915046
15361,0.02,0.021282740998238805
11115,0.09,0.09044028793126077
16353,0.01,0.0107406131321943
11195,0.09,0.09065800353056883
6338,0.27,0.27021791968298625
8925,0.15,0.13975494843224184
14915,0.02,0.02050506418763952
8946,0.15,0.14983615096335262
6791,0.24,0.25021581680588467
15594,0.02,0.01100609429377426
9265,0.14,0.12993849758104153
11186,0.09,0.08039064704500963
8978,0.15,0.1402676131441763
11352,0.08,0.08103724842775668
15629,0.02,0.020679290272601153
7375,0.21,0.21062506831665537
7066,0.23,0.2299222476070908
9776,0.12,0.12010812218179594
4860,0.4,0.40054042822020974
10042,0.11,0.11099866042788785
1491,1.32,1.3201098587079936
12175,0.07,0.07035960405178653
9993,0.12,0.11962965479876864
9770,0.12,0.1301929729857375
200,5.07,5.069203562416742
12850,0.05,0.0499538940655305
8908,0.15,0.15078568279103413
9027,0.14,0.14017620371363057
8205,0.18,0.1702824423960366
16143,0.01,0.011702126921432139
468,3.0,3.009326174216373
27,15.3,15.301346547348924
14229,0.03,0.03044466081276426
12774,0.06,0.060433815757210525
12862,0.05,0.05118495924432623
12690,0.06,0.06056419463917514
806,2.08,2.0804411528411273
10804,0.1,0.10044806448549236
8398,0.17,0.15998184823253997
14574,0.03,0.030583609276808525
2452,0.84,0.8389015810162573
13719,0.04,0.040683285643300586
14302,0.03,0.030939654028050427
2185,0.95,0.949802817629552
2285,0.91,0.9198497049979093
15669,0.02,0.020497725728549326
3971,0.5,0.500127611164054
16148,0.01,0.011423104381068892
14222,0.03,0.030530329999902548
5676,0.32,0.31086254670172436
16089,0.01,0.010886108605190025
16596,0.01,0.01092417448700294
6499,0.26,0.25997748278002103
16336,0.01,0.010943113727814178
13773,0.04,0.04132834622144085
12544,0.06,0.06046961216920067
16385,0.01,0.011208544401212137
4853,0.4,0.4001352850288289
2932,0.7,0.6898091061168168
10495,0.1,0.11061806736264457
2746,0.75,0.7492208719821255
8281,0.17,0.17003499303339317
1697,1.19,1.1898125310599417
439,3.15,3.14879503278661
2312,0.9,0.8996204642178232
6616,0.25,0.2597887124186523
12664,0.06,0.06020900675959736
926,1.86,1.8695008413315728
2231,0.93,0.9400213306913693
259,4.31,4.299456706479929
10481,0.1,0.0988799655892018
3239,0.62,0.6303228936451019
4984,0.38,0.38967776914418495
6721,0.25,0.2500810530429376
1400,1.38,1.3795298712016044
11000,0.09,0.0803325158806067
15505,0.02,0.020600787216581887
11316,0.08,0.09020074581344324
1608,1.24,1.2397786288928359
9021,0.14,0.15050307955266173
5495,0.33,0.33087132749258796
4303,0.46,0.4497960064763461
14435,0.03,0.030466746061353005
7787,0.19,0.18970690734962137
4302,0.46,0.4611223788598289
16225,0.01,0.010710636086831479
4522,0.43,0.4298726770983685
8034,0.18,0.1807469146188818
8531,0.16,0.15014848308243192
751,2.17,2.180385627041185
7219,0.22,0.2208793078155691
10347,0.11,0.1008728828352818
8267,0.17,0.16995830272360318
8072,0.18,0.190172158815335
12418,0.06,0.06034997773148719
2681,0.77,0.7701513553083085
12532,0.06,0.06059838581938653
13539,0.04,0.04091612175800261
3488,0.58,0.579737629952239
6192,0.28,0.2799339220049832
3124,0.65,0.6610144026533366
928,1.86,1.8595490336139004
10424,0.1,0.10011616742906601
11358,0.08,0.08010117601477607
13894,0.04,0.04051555591090946
5054,0.38,0.3696443660587234
16065,0.01,0.011292396981953303
6397,0.27,0.2598474730385839
14899,0.03,0.020959791524342058
10689,0.1,0.10061643685975281
2087,0.99,0.9999074022049997
14893,0.03,0.02054432235190963
15041,0.02,0.02042297584793623
14755,0.03,0.031663586242901026
15685,0.02,0.02173386921739779
5735,0.31,0.30039821218526386
8795,0.15,0.15026069290519253
14207,0.03,0.030279149631222902
15540,0.02,0.021036026010951024
8463,0.16,0.1608333750088371
5654,0.32,0.3197247005725745
4355,0.45,0.4499394610605745
1701,1.19,1.1888872681646419
9408,0.13,0.12990965166604856
12264,0.06,0.07094721632396567
8847,0.15,0.151067129484801
2502,0.83,0.8194645960916458
9949,0.12,0.11057730390327658
13108,0.05,0.05055423145737205
9030,0.14,0.14040524693426515
13609,0.04,0.04176115245931271
6201,0.28,0.2804136918934954
4846,0.4,0.39984408316061204
6740,0.25,0.2396922599753959
15001,0.02,0.020327276240554894
1122,1.64,1.6291478365391132
9079,0.14,0.15002086438477402
14741,0.03,0.0305375346410938
13096,0.05,0.050084866004217424
8817,0.15,0.15022771399450682
4689,0.41,0.42018150989556663
15867,0.02,0.021333925493411905
1522,1.3,1.2898609033979955
3528,0.57,0.5696349556756755
5147,0.37,0.3688595132946757
7398,0.21,0.2100388989856211
4925,0.39,0.39016963800898713
15276,0.02,0.03019684142332263
4497,0.43,0.43058171704316406
11715,0.08,0.07118257251382881
9420,0.13,0.1300234192386098
15267,0.02,0.021277845586733027
8985,0.15,0.1500771323969671
4130,0.48,0.4801745491759042
7578,0.2,0.1997440939077585
9101,0.14,0.1399855105016982
2089,0.99,1.0000616147936032
11239,0.09,0.09039030239569337
12422,0.06,0.06088726248333209
2129,0.97,0.9695984912516414
273,4.19,4.189647028228385
10661,0.1,0.09980051369106012
13747,0.04,0.0408535901129131
7365,0.21,0.21011901377126263
13936,0.04,0.040237739324629714
1048,1.7,1.6995355822472233
3991,0.5,0.48950094934484134
10823,0.09,0.10130708790517509
14438,0.03,0.029978771417579746
257,4.31,4.299692969336098
795,2.09,2.089485989659029
3200,0.63,0.6393171709448029
11767,0.07,0.07115684307647252
7085,0.23,0.23071832088269015
2148,0.96,0.9598819468189771
10806,0.1,0.09069213625667936
9418,0.13,0.13952012433765554
13350,0.05,0.05066680766056541
15183,0.02,0.02139217284641795
10546,0.1,0.10048316423889211
11124,0.09,0.09064800009520864
8397,0.17,0.1600178534103262
12336,0.06,0.06025458147238578
12227,0.07,0.07085948104566528
11388,0.08,0.0911646946134726
15628,0.02,0.020615923244996417
12353,0.06,0.06093806094204962
14345,0.03,0.03085174195020578
12063,0.07,0.08100262221336799
5452,0.33,0.3297662025779021
2522,0.82,0.8199823333542147
2454,0.84,0.8499019994123784
3674,0.55,0.5493747589393477
9655,0.13,0.12012394152307725
3067,0.66,0.6605431027866049
3621,0.56,0.55013456971866
10712,0.1,0.1004133132535722
4011,0.5,0.4889194366388387
5778,0.31,0.3087589397726694
555,2.69,2.6897901533841644
14979,0.02,0.020525712479576158
15607,0.02,0.02055500144236501
5695,0.32,0.31972626427393813
11594,0.08,0.08049662195864563
6526,0.26,0.26005178172773485
15096,0.02,0.020271260740161556
1750,1.16,1.1503918012994112
11127,0.09,0.09030572181259111
15324,0.02,0.01986660645118625
14581,0.03,0.030254033219328024
8851,0.15,0.15057789778534075
2660,0.77,0.7809490117162415
10534,0.1,0.10010402137021523
8670,0.16,0.16012568005814676
7444,0.21,0.21066528047225822
13254,0.05,0.049408231831044924
218,4.83,4.829378399333122
2583,0.8,0.79970496403157
360,3.54,3.5289987084702523
9658,0.12,0.1207365207294759
7038,0.23,0.21982663167407196
11780,0.07,0.08047823889022077
5433,0.34,0.33057695608467685
4361,0.45,0.44952221905311635
8794,0.15,0.14992688772797463
5840,0.3,0.300600072099229
15307,0.02,0.021295435965403592
8044,0.18,0.18038815685964046
12968,0.05,0.05039059043245932
11504,0.08,0.08014026769376603
4312,0.45,0.44942353511582406
8313,0.17,0.1702465504578102
16014,0.01,0.010793538500836138
4069,0.49,0.4899066365380049
14630,0.03,0.03058700180671733
1481,1.33,1.3199743613722479
12896,0.05,0.050985073722999125
4615,0.42,0.419890323687368
5000,0.38,0.3899528163671252
3368,0.6,0.5994433983924686
14194,0.03,0.029905783033169667
15562,0.02,0.011064672266550973
14090,0.04,0.03145556079078135
8160,0.18,0.18028188770383125
9314,0.14,0.13070792931020592
3949,0.5,0.5003258898295978
12187,0.07,0.07038563622882525
13288,0.05,0.0499378259399929
14882,0.03,0.030425781976424076
15561,0.02,0.019703717576955077
5746,0.31,0.30947034068297036
11263,0.08,0.08058996721003459
9788,0.12,0.12112674202455759
4117,0.48,0.47944818823980084
15861,0.02,0.02051587141215718
7646,0.2,0.20073890567908523
10404,0.11,0.11036581461215916
7102,0.23,0.22995122379874736
5564,0.33,0.3205403017977525
15742,0.02,0.01109339982286561
41,12.27,12.281392999089935
4570,0.42,0.4197950786098784
2904,0.7,0.7002156616521618
5917,0.3,0.29009107950994517
5011,0.38,0.38009860190791767
10662,0.1,0.09066620617628929
6636,0.25,0.25069391243913475
16218,0.01,0.01108288668973648
13000,0.05,0.0597384228642876
6088,0.29,0.28984344692911956
6390,0.27,0.2696414418829626
9713,0.12,0.13076409118175658
12008,0.07,0.07063272524745999
16554,0.01,0.010967958178190646
16332,0.01,0.010747014713806517
8225,0.17,0.17080827552328212
2863,0.71,0.7094499831725192
7057,0.23,0.22989994504931172
9543,0.13,0.13105049278635444
12837,0.05,0.05143481887371941
1255,1.5,1.4995958711141215
2235,0.93,0.9204031600288314
6688,0.25,0.25065474582758707
2125,0.98,0.9801445420623396
8325,0.17,0.17006257073127207
2702,0.76,0.75965103975042
13345,0.05,0.04145285804567838
9242,0.14,0.14018217098852476
13477,0.04,0.051157419379424425
12674,0.06,0.050955040951742095
6174,0.28,0.2804188632890008
8494,0.16,0.1605321697768902
5076,0.38,0.3698533253032191
13250,0.05,0.051231980696763775
11558,0.08,0.08036468007888162
12082,0.07,0.07047749990641825
6206,0.28,0.2896533966071604
4589,0.42,0.41952029539738733
3551,0.57,0.5593279498175314
16059,0.01,0.020724861131941018
13644,0.04,0.04105324884097507
10022,0.11,0.11075609918959231
8749,0.15,0.15076588209607045
10754,0.1,0.10013084816520838
12840,0.05,0.060220713143211424
385,3.44,3.43943511402254
6220,0.28,0.27998281454150503
16024,0.01,0.010857823200662187
3416,0.59,0.5898714465854005
311,3.87,3.8793891953762287
7410,0.21,0.21010791233267095
16249,0.01,0.011225835573028028
1140,1.61,1.6195729057625523
1305,1.46,1.4606329407592558
12772,0.06,0.060704969792876554
13472,0.04,0.040757039156107705
2593,0.8,0.7996176611090748
2705,0.76,0.7604108997014709
5572,0.33,0.3196024099293959
5080,0.38,0.3804939491723265
15506,0.02,0.020484669083579272
12331,0.06,0.061107960291035254
6990,0.23,0.23038629200661365
11882,0.07,0.07011807328805067
9711,0.12,0.13013763345333645
8467,0.16,0.15966746481930177
4425,0.44,0.4494553315277613
7574,0.2,0.2102626162533946
11135,0.09,0.08011122764311086
13680,0.04,0.04025736816283383
15449,0.02,0.020172244341642602
6170,0.28,0.2897324617635971
1645,1.22,1.219365152576049
1578,1.26,1.2594598611377728
1025,1.73,1.729613409222682
5238,0.36,0.3500706864174201
10829,0.09,0.09013069691967665
6041,0.29,0.29006102821786195
16447,0.01,0.011377369771079844
11169,0.09,0.09065003294258075
4383,0.45,0.4497415698806606
15493,0.02,0.02025441100402408
4126,0.48,0.46997232067281053
4064,0.49,0.4900628078379038
3684,0.55,0.5495779113387007
11810,0.07,0.07089685299204958
9600,0.13,0.130846649088793
12720,0.06,0.0603282566307593
9705,0.12,0.12113796936007049
14834,0.03,0.020589432835012793
14437,0.03,0.030241376500130233
9554,0.13,0.13086235907416155
569,2.65,2.650654505714587
14567,0.03,0.030424925389582875
12215,0.07,0.06082262369158367
31,14.64,14.639185899283168
2992,0.68,0.6791946650354458
121,6.69,6.68956797319681
1613,1.23,1.2297805936552964
9006,0.14,0.13853996154956028
7538,0.2,0.2098780206907902
2127,0.97,0.9788821326835141
4801,0.4,0.3903246022154709
6524,0.26,0.26060067800507336
6781,0.24,0.25131811022524686
733,2.2,2.199924879382807
5927,0.3,0.30045938651443216
4050,0.49,0.4895908721570004
79,8.49,8.4791723332627
7776,0.19,0.18896745430959588
410,3.28,3.279164701794784
10420,0.1,0.10026239039089928
9657,0.13,0.1203575442030215
1085,1.67,1.6693694161423114
5507,0.33,0.3201498023214342
3487,0.58,0.578978367535154
16484,0.01,0.010951872301259387
5418,0.34,0.34012179167908463
8569,0.16,0.16054895492100543
6820,0.24,0.23930634660198938
13419,0.05,0.04066630317855738
7427,0.21,0.2107110009079711
2084,0.99,0.9995656322508109
2933,0.7,0.689595400739997
6946,0.24,0.22956235442392195
157,5.55,5.560724860754928
9894,0.12,0.12065801514233775
11987,0.07,0.07090592149380309
7293,0.22,0.22024055906882534
13160,0.05,0.04069671943485874
15418,0.02,0.01101002235924459
14069,0.04,0.03041707709943832
5870,0.3,0.29888758499550305
1486,1.32,1.3201351729814257
14360,0.03,0.03143556120003506
12083,0.07,0.07043901952031115
10242,0.11,0.10999901752744955
12981,0.05,0.05066160545413558
8192,0.18,0.1814746790139743
15918,0.02,0.01086633215632532
5939,0.3,0.2899795279741907
5514,0.33,0.33009455076972993
16338,0.01,0.010661621573636499
2999,0.68,0.6803192866550185
3783,0.53,0.5302152677271448
5546,0.33,0.33012169411291536
5842,0.3,0.3100198967986165
2462,0.84,0.849777071382435
13997,0.04,0.04068536024741525
3652,0.55,0.5599329604894164
2484,0.83,0.8394210484876844
6336,0.27,0.27000159620046804
15294,0.02,0.020368625200803063
1665,1.2,1.1994889557115318
455,3.07,3.0795679166948275
4137,0.48,0.4704209572492629
12399,0.06,0.0600928651861138
2687,0.76,0.76963545856251
14673,0.03,0.030451889807936883
4962,0.39,0.3803140216012232
652,2.39,2.3897173237186804
14496,0.03,0.030383476643402706
4991,0.38,0.3805853977575264
15018,0.02,0.020527439211390247
14740,0.03,0.030334885092239226
3294,0.61,0.6103000372050116
13746,0.04,0.04035606789100038
10386,0.11,0.10996422536947881
5650,0.32,0.3203375172035713
12352,0.06,0.061036600444347874
8950,0.15,0.14082064972828523
13996,0.04,0.030431616730250563
173,5.3,5.309665775211691
3490,0.58,0.5902926272238435
335,3.7,3.6998030348313002
7328,0.21,0.20992620914141277
4184,0.47,0.47089312411493317
14450,0.03,0.03076827969113954
13383,0.05,0.0410378644358125
3811,0.53,0.5293335881477608
399,3.36,3.360013701738112
3453,0.58,0.5904001756194528
12966,0.05,0.040662398342347285
750,2.18,2.1799546845567033
15633,0.02,0.021242198970908073
7323,0.21,0.21984887391135824
2682,0.77,0.7705043539717387
9229,0.14,0.1405982810911096
7632,0.2,0.19993807522672302
13891,0.04,0.040530135816857604
4341,0.45,0.4500795087987071
11669,0.08,0.07094776300111633
16138,0.01,0.011276095960929041
12895,0.05,0.05152844153855879
8075,0.18,0.1905521858470026
14849,0.03,0.020877323265386032
8112,0.18,0.1786844165407028
10784,0.1,0.10050662887404391
6416,0.27,0.26060618926729384
14055,0.04,0.04102276444551368
12692,0.06,0.06020541115706284
1798,1.14,1.1301097805458187
8364,0.17,0.16028174475881096
9800,0.12,0.12011910792005225
214,4.87,4.870881200946756
16255,0.01,0.011209241667620686
14746,0.03,0.030480377258435023
9222,0.14,0.14027483122061857
1564,1.27,1.2695355808794786
15910,0.02,0.020313052819490862
10963,0.09,0.09068954412963424
10745,0.1,0.10061029056580513
14314,0.03,0.030472343531284567
13255,0.05,0.050496362904793264
10073,0.11,0.11052343515210591
2408,0.87,0.8696270817840254
8977,0.15,0.15055774662575824
15475,0.02,0.0201500779633024
2439,0.85,0.8498932292376907
11750,0.07,0.07040682764358894
9955,0.12,0.1203847303273132
7325,0.21,0.21992135352660624
7537,0.2,0.20930238875993912
1872,1.09,1.0995660190898242
14657,0.03,0.030584283104876434
4772,0.41,0.4099176827805564
4917,0.39,0.3895175029274577
0,82.74,82.73757193690996
14371,0.03,0.031202839704272765
7970,0.19,0.1899107350032803
8972,0.15,0.15045628649951964
2352,0.89,0.8796500498529208
14686,0.03,0.030253088275050532
12431,0.06,0.06062801070788244
13470,0.04,0.04038650190158351
11838,0.07,0.07966584496799607
1398,1.39,1.3794377046143245
11588,0.08,0.08105838658112452
4858,0.4,0.389853321469139
4534,0.43,0.42990463652416333
4052,0.49,0.4903892399396831
10463,0.1,0.10071973781685133
6095,0.29,0.28022014695347225
3685,0.55,0.5399570490517306
15964,0.02,0.010831580497089335
11705,0.08,0.08064158276538483
3640,0.55,0.5594770711048881
10579,0.1,0.10119039888175432
12122,0.07,0.0704850668353864
3219,0.63,0.6294081635646778
326,3.77,3.7692469137383213
10249,0.11,0.11044371995596101
12824,0.05,0.05019343966608159
7669,0.2,0.20099923676275058
14799,0.03,0.03047273835400322
3171,0.64,0.6297131908746315
7591,0.2,0.20996978332427668
11912,0.07,0.07027715804051317
11084,0.09,0.09010822933931739
11074,0.09,0.09036868939075035
8066,0.18,0.18027727809307953
4757,0.41,0.41002822307301157
5859,0.3,0.3099472121558192
14273,0.03,0.03042375825856804
14309,0.03,0.03069040436642123
14161,0.03,0.030554440292617894
830,2.04,2.0395130533875485
3466,0.58,0.5805792983824729
13926,0.04,0.0415130832370156
11367,0.08,0.08102043950508293
2620,0.79,0.7898274211760138
4562,0.43,0.4196858027471476
9048,0.14,0.13999557769004986
14287,0.03,0.03036511965418209
8085,0.18,0.17986758833296518
11541,0.08,0.08080504620853002
6221,0.28,0.27019222843498897
9675,0.12,0.12146938835939373
14931,0.02,0.021240365893023694
13099,0.05,0.05064820523790278
10188,0.11,0.11027166215745925
181,5.2,5.1998956797236735
832,2.04,2.0393256105219995
1323,1.45,1.449870773242444
4100,0.48,0.4903310178324236
11253,0.08,0.0810184657214123
9746,0.12,0.12020263584958503
12985,0.05,0.06045713086902543
12649,0.06,0.060344349174889636
6011,0.29,0.28129858915182593
4789,0.4,0.41009200124200224
14085,0.04,0.040396462136090105
9910,0.12,0.11983209989991914
8433,0.17,0.17033521758454268
3427,0.59,0.5791464326050971
1510,1.31,1.3008980562059556
13983,0.04,0.03116430260050604
1617,1.23,1.229097417244624
6348,0.27,0.259911278255361
14444,0.03,0.03076775232783963
9417,0.13,0.1298734402434672
12395,0.06,0.050284558264967
13183,0.05,0.050793285039405445
1600,1.24,1.239782262498391
14719,0.03,0.030455932926569517
10542,0.1,0.10086469324711266
1806,1.13,1.1295031763170118
15233,0.02,0.030746429079248985
5952,0.3,0.2903967426769113
13073,0.05,0.050340025444770495
3623,0.56,0.5596655452090407
6806,0.24,0.250367062463625
6012,0.29,0.289775162362167
16215,0.01,0.010820505579025412
4653,0.42,0.42027510234578347
1735,1.17,1.169377474150409
9668,0.12,0.12046653600846695
773,2.12,2.1198947377221717
11616,0.08,0.08047638218177362
13186,0.05,0.05050955157882648
9460,0.13,0.1299744973562346
5538,0.33,0.3403651289585209
12491,0.06,0.050615854984859134
4321,0.45,0.46044460453211866
394,3.38,3.37969825605103
4132,0.48,0.4797839899515167
8475,0.16,0.1610910421658364
12100,0.07,0.07148550763130568
12706,0.06,0.06025584649599613
7080,0.23,0.23051390778027944
14072,0.04,0.030738547129452322
6108,0.28,0.2899307670017781
15626,0.02,0.01124964130939083
3372,0.6,0.5994454023382333
13445,0.05,0.04991583511129378
3614,0.56,0.5598158480804947
14958,0.02,0.020210855314743793
7301,0.22,0.22011183259802633
7304,0.22,0.2198886232887618
10898,0.09,0.10101527106650188
2060,1.0,1.0004503867328263
6907,0.24,0.24023003155120223
15815,0.02,0.01104506221282454
6260,0.28,0.279961294203809
4514,0.43,0.4297030061045317
10609,0.1,0.1004246709169663
14687,0.03,0.03052009731412016
7741,0.19,0.19038387643909357
9772,0.12,0.12996188108875117
7004,0.23,0.23005217744890416
9990,0.12,0.12046640843434647
12601,0.06,0.05050722398565448
10868,0.09,0.0908679665174173
1435,1.35,1.3497056880278633
13394,0.05,0.040414016359262776
15287,0.02,0.02083153776689156
7965,0.19,0.1803422518877028
10266,0.11,0.11067271574009543
8324,0.17,0.17032618895287316
2292,0.91,0.8994656036406103
8911,0.15,0.1499746286275535
7122,0.23,0.2200565518111747
13222,0.05,0.050455108312248545
5437,0.34,0.34075456104291424
6017,0.29,0.2901670615714008
1027,1.73,1.7292068823356503
6943,0.24,0.24010978840542416
5396,0.34,0.34012229104465297
275,4.19,4.179962479817932
12203,0.07,0.06218768266969202
7083,0.23,0.2304196844299769
13941,0.04,0.03078376140153138
5086,0.37,0.37035126720935624
6223,0.28,0.2806039735421746
11088,0.09,0.09066991095707326
1429,1.36,1.3508141638962337
10304,0.11,0.11095656858110854
15831,0.02,0.020945190413201205
8767,0.15,0.15031229960824588
7585,0.2,0.21084104729794373
13336,0.05,0.05052481690902198
11706,0.08,0.07082882908828032
7604,0.2,0.19988288253582617
9360,0.13,0.1297787019273422
12752,0.06,0.04995904425008444
3109,0.65,0.6496811477110437
12465,0.06,0.06178960616207869
2680,0.77,0.7696358238750042
10108,0.11,0.12003690690721741
15396,0.02,0.019909979866441753
7598,0.2,0.2006921889469973
14146,0.03,0.04101928813701478
16490,0.01,0.01065175400358492
7760,0.19,0.18987817962471457
11485,0.08,0.08073321407888356
8502,0.16,0.16033871842643999
11063,0.09,0.09023779098477783
2346,0.89,0.8898299530416564
4994,0.38,0.3810786252093013
8863,0.15,0.150647171622045
10757,0.1,0.10020393588857704
2599,0.79,0.7999988687188241
11969,0.07,0.060796779232144424
12208,0.07,0.060669684999732826
13456,0.04,0.04064077216305364
16524,0.01,0.010718393830115264
5467,0.33,0.32027195858157587
4912,0.39,0.3897345333273161
14070,0.04,0.040733533785279524
9285,0.14,0.1401037115012997
1914,1.08,1.0801612291666394
14184,0.03,0.030381500106993347
1218,1.53,1.5396775147686999
11796,0.07,0.07091259678623466
10447,0.1,0.10003720497285684
8244,0.17,0.1801312630743376
4091,0.48,0.4896070493017449
9953,0.12,0.11053580260334839
12259,0.06,0.06101088791717897
4403,0.45,0.44953808971853104
3745,0.54,0.5396984908619238
2229,0.93,0.9295265676163844
16418,0.01,0.010874085995816258
12317,0.06,0.06098290176366892
1743,1.16,1.159043392564942
1960,1.06,1.0695074491240586
4209,0.47,0.4702633739400999
8852,0.15,0.14993468034118257
457,3.07,3.069835535271068
8271,0.17,0.18042360685176256
16492,0.01,0.01071383150363708
4995,0.38,0.3800505114064727
9566,0.13,0.1302244369645199
16311,0.01,0.010386686745687011
63,9.87,9.87067127759704
15381,0.02,0.020648496273435096
11635,0.08,0.08061970469644228
8549,0.16,0.1604864634831582
13065,0.05,0.0503469466112141
3015,0.67,0.6594587160195032
9345,0.13,0.13121165045794486
10853,0.09,0.09015787080309662
14966,0.02,0.021115534206353717
2023,1.03,1.0297067933726534
7231,0.22,0.22014746203911617
9587,0.13,0.13009697841072312
3103,0.65,0.6492761076273391
1456,1.34,1.3499848774230592
7902,0.19,0.19016071629959494
9642,0.13,0.13010248873122465
13657,0.04,0.04040381291886998
5915,0.3,0.30025090732310766
14393,0.03,0.03145348478158884
8093,0.18,0.18002793505981274
13731,0.04,0.04072636925426629
61,10.21,10.209361968152344
15308,0.02,0.020803606702191814
2633,0.78,0.7801772208579363
10474,0.1,0.10038638229081953
3029,0.67,0.6592972345047173
4352,0.45,0.45970294418704194
5368,0.34,0.34972246128819506
5573,0.33,0.3305867446145849
11968,0.07,0.0704880133323993
13517,0.04,0.03960200421050178
11319,0.08,0.08085004257978173
634,2.43,2.439550334997115
16084,0.01,0.010784667989264116
1926,1.07,1.0699777137791453
6116,0.28,0.28986399304641863
10581,0.1,0.09968668185704396
11173,0.09,0.09055698292751972
9077,0.14,0.15085897260527742
8312,0.17,0.17009641959863014
5902,0.3,0.2996930246716827
13131,0.05,0.049411196988575504
2429,0.85,0.8599478756010859
9604,0.13,0.12082185118914032
15188,0.02,0.020509377807687423
4033,0.49,0.4902276079254535
8147,0.18,0.1804591271386199
13469,0.04,0.04030930641964973
15611,0.02,0.011327010471668689
4716,0.41,0.41967141361662186
9646,0.13,0.1296876928645005
407,3.31,3.309069684223204
12853,0.05,0.04998211777174784
3866,0.52,0.5198431387146448
8831,0.15,0.15136700610436657
1625,1.23,1.2294925407504782
1597,1.24,1.2395821415526864
10343,0.11,0.11049482184479255
11446,0.08,0.08026188863950574
170,5.34,5.340106749101893
8222,0.17,0.17995664446231746
6639,0.25,0.2518532583066514
5543,0.33,0.330161936422876
9640,0.13,0.1300714243085948
6680,0.25,0.250226913400171
8963,0.15,0.1398533837227556
15744,0.02,0.02056115541129387
1387,1.4,1.400058926461626
14156,0.03,0.030288390853072646
3653,0.55,0.5501550733453072
684,2.32,2.3190917656749455
9871,0.12,0.12011237431172922
4177,0.47,0.46996453506586705
10917,0.09,0.09001049116956353
10540,0.1,0.11075140202835877
8235,0.17,0.18042242576455697
11402,0.08,0.08026082871626336
6119,0.28,0.28977261825437933
10400,0.11,0.11066853981990951
9317,0.14,0.1304322154029193
801,2.08,2.089696897524453
12254,0.06,0.060405278940406225
748,2.18,2.168895544329485
10099,0.11,0.11074049011950296
7198,0.22,0.22071034554594404
2209,0.94,0.939275285913536
5873,0.3,0.3011784427568045
591,2.59,2.589382580753398
313,3.87,3.8694205251580787
3305,0.61,0.6097203815265986
4472,0.44,0.4398668688233717
1493,1.32,1.3205353223803984
6408,0.27,0.25984867610377554
7361,0.21,0.2100849364909998
14044,0.04,0.0302372218887145
6264,0.27,0.26973148461791774
5317,0.35,0.3600260880908843
2526,0.82,0.8185132376311892
963,1.8,1.8000459093105414
7517,0.2,0.2104216926531853
3791,0.53,0.5302287098282432
4964,0.39,0.3902274709942403
15495,0.02,0.021185801765093284
4731,0.41,0.410498347385284
7406,0.21,0.2098263507705283
9466,0.13,0.13036456464623997
16189,0.01,0.011156721304539825
1710,1.18,1.1796378541663106
11315,0.08,0.07990155595820875
15453,0.02,0.02145415031109798
12918,0.05,0.049968769905258385
7065,0.23,0.23023398633100348
4483,0.44,0.4399019617562407
2355,0.88,0.8797825757826279
11913,0.07,0.07032100880471549
15304,0.02,0.020790856626572266
8420,0.17,0.16080824762401322
4002,0.5,0.4998525101405533
14373,0.03,0.030125783610851064
587,2.6,2.600089131078489
6359,0.27,0.2701549761676145
7587,0.2,0.21018561845734746
15136,0.02,0.02068695338580071
11937,0.07,0.07002196901788188
2824,0.72,0.7198886402340056
14354,0.03,0.03201096097766285
8725,0.15,0.1506818227862038
11765,0.07,0.07065381220565621
11761,0.07,0.07051473810416312
16394,0.01,0.010915145626015258
16090,0.01,0.010877572472257464
9107,0.14,0.13995180919053807
6368,0.27,0.2699806688308948
11610,0.08,0.08042317620508731
3228,0.63,0.6296254714491406
6591,0.26,0.26088331963938094
6623,0.25,0.2498954275905033
10971,0.09,0.09071188791406287
4239,0.46,0.45970964940535075
14729,0.03,0.03128029511281598
5652,0.32,0.3204955573875684
6099,0.29,0.28019470733900737
5234,0.36,0.3695865376222586
3408,0.59,0.5903283525480088
2516,0.82,0.8202327126024888
994,1.76,1.7599468199363617
11730,0.08,0.07086230945099595
4659,0.42,0.42004109634020537
9496,0.13,0.13124614848090838
1747,1.16,1.169671262965014
4344,0.45,0.46046140108541256
16015,0.01,0.011317222807343992
16031,0.01,0.010601512210129522
812,2.07,2.0699763144896615
11306,0.08,0.08032284601744663
11392,0.08,0.08013688411947495
11946,0.07,0.07023893561374762
13195,0.05,0.049570422353900856
15912,0.02,0.011070462370720405
9342,0.13,0.13042621766227164
9379,0.13,0.14024319963838133
15288,0.02,0.020523078327472462
2617,0.79,0.7895205573746549
12617,0.06,0.06066029729588817
4111,0.48,0.47973560303941076
6599,0.26,0.2604503999475675
3004,0.68,0.6796984634790593
11333,0.08,0.0905312110045246
6889,0.24,0.23983294136355973
6083,0.29,0.29016604631131104
7242,0.22,0.22044114922399172
14618,0.03,0.03097141353178747
2910,0.7,0.7002341440124541
10943,0.09,0.09064593300121823
5848,0.3,0.3103008052203962
15887,0.02,0.0211259331604021
15530,0.02,0.020940543609552054
10944,0.09,0.10049566496260148
14522,0.03,0.030621853317172997
4006,0.5,0.4998151929592766
2562,0.8,0.7996730022500081
8783,0.15,0.14984573329695133
10977,0.09,0.09037241252267815
1847,1.1,1.0997685453858645
2820,0.73,0.7297631944556173
9440,0.13,0.13043489498450306
7334,0.21,0.2209646339763287
5402,0.34,0.33944810396837044
15354,0.02,0.021105515851874725
5109,0.37,0.369779498207945
5955,0.29,0.30010619668804395
2792,0.73,0.7393328421119568
11992,0.07,0.07026764342366024
8238,0.17,0.17009372115088048
3440,0.58,0.5793739374239276
7737,0.19,0.19027917505265862
377,3.49,3.4995190439180117
10526,0.1,0.10098989502833482
2316,0.9,0.8908241660762696
5701,0.31,0.3208500919520207
3000,0.68,0.6797174877032219
1746,1.16,1.1597481814520552
3828,0.52,0.5210058190191059
10975,0.09,0.10043730420599084
3329,0.61,0.5999778978605569
12261,0.06,0.06181100477773625
9177,0.14,0.14029897869028846
4703,0.41,0.41972332843590465
6947,0.24,0.24009295542159653
10181,0.11,0.11143785688246247
4039,0.49,0.49006265191768295
14967,0.02,0.02050773891894358
15301,0.02,0.02062335213970202
5970,0.29,0.3002010140326883
12258,0.06,0.07136627669551156
8860,0.15,0.15004666223734925
6442,0.26,0.2701209150399522
7091,0.23,0.22986935435945263
1349,1.43,1.429879172944633
131,6.4,6.399756656085756
961,1.81,1.7994846609208945
9282,0.14,0.1402868157926217
8270,0.17,0.16977160758556284
10739,0.1,0.10049997399257013
13074,0.05,0.051455616764958405
6199,0.28,0.2799292650548741
2081,0.99,1.0000666453691847
11087,0.09,0.09013454722383311
3322,0.61,0.6102966644953511
7199,0.22,0.23053556974243547
1144,1.61,1.6000759437686556
1115,1.64,1.6407477531881702
13253,0.05,0.05067151508814641
10048,0.11,0.12089489717866576
9633,0.13,0.13032803919491132
11473,0.08,0.0801142826047533
8745,0.15,0.15035144009684223
7651,0.2,0.19950743512035649
5972,0.29,0.2897316483696136
2204,0.94,0.9295262055761905
12639,0.06,0.05109187101563149
1581,1.26,1.2497432986031072
15830,0.02,0.0220484808412656
8461,0.16,0.1607011811782994
4234,0.46,0.45961261032941914
11601,0.08,0.09039460239173547
11133,0.09,0.08995296599859941
4881,0.39,0.40035497133643166
6403,0.27,0.2698943030462648
9346,0.13,0.14010058524848845
4535,0.43,0.4298692503519693
4862,0.4,0.38992381098295104
13910,0.04,0.04107646726732711
5475,0.33,0.34013993613270704
13265,0.05,0.05118741218141122
15876,0.02,0.01117395387096547
15838,0.02,0.020749433857089397
4982,0.38,0.38986578515425774
13573,0.04,0.05040321369990451
971,1.78,1.7790978767463548
8232,0.17,0.16978190019116476
14772,0.03,0.020788620689352926
2773,0.74,0.7413916138246727
388,3.42,3.419021717260481
1956,1.06,1.059390230713956
9401,0.13,0.1304881569899674
10428,0.1,0.11045180206574037
5760,0.31,0.31006109574974644
11626,0.08,0.07895770388670036
315,3.85,3.849651351368051
16403,0.01,0.010604153912503272
5575,0.32,0.32083852704186133
413,3.27,3.2693717363892816
14062,0.04,0.040712784463699817
16214,0.01,0.010562904068397817
14282,0.03,0.031151662173011702
15256,0.02,0.02047207663609879
11348,0.08,0.07932634742158956
8542,0.16,0.16027599466946857
4565,0.43,0.429457333563825
606,2.54,2.529863092385251
3713,0.54,0.5396746208638439
9468,0.13,0.13011802139773734
8588,0.16,0.16099663921850205
7235,0.22,0.21030768796990032
4946,0.39,0.39011316055868434
9701,0.12,0.12007777009331015
15835,0.02,0.011396142257274804
14395,0.03,0.021072722791795402
309,3.88,3.869531251406637
1370,1.41,1.419782595933798
14922,0.02,0.020543934046888097
1254,1.5,1.5095624863226633
12285,0.06,0.06058152999993821
12906,0.05,0.0604837328634759
11147,0.09,0.09084579970727877
16316,0.01,0.010552471855561952
8243,0.17,0.1702297711523498
2521,0.82,0.8198286100175722
15631,0.02,0.011182965067449924
10228,0.11,0.11148672927216041
2131,0.97,0.9702437597879945
7612,0.2,0.21015308184579917
4053,0.49,0.4797024797660392
4718,0.41,0.40970681513931423
2477,0.84,0.829313190446486
5277,0.35,0.34962121263929563
14537,0.03,0.03052807162617777
14460,0.03,0.03130704743485559
1112,1.64,1.6396349769005876
6757,0.25,0.2503167658408364
3158,0.64,0.6403407639932406
638,2.42,2.420098007169468
248,4.41,4.419382691603181
2410,0.86,0.8597360437721068
3483,0.58,0.5694049440991861
7477,0.21,0.1988756107892562
7151,0.22,0.2298260148676611
697,2.28,2.2895930124186004
3695,0.54,0.5396818894369062
5173,0.36,0.35991228112961604
7751,0.19,0.19002948455614466
6025,0.29,0.2905607456292715
12342,0.06,0.060559331185824815
14647,0.03,0.030258959354521015
6435,0.27,0.2605049712935906
7748,0.19,0.19036627831394654
1518,1.3,1.3094326343503173
14790,0.03,0.030643838714542068
4469,0.44,0.4406857736320904
70,9.32,9.319553024124081
4781,0.4,0.41107955820602565
10841,0.09,0.09052574012215944
1179,1.58,1.5797772876166283
6354,0.27,0.2596578688895538
8849,0.15,0.15037555015685
13213,0.05,0.050789720450788355
1894,1.08,1.0896386196447252
6775,0.24,0.24979750298281583
13198,0.05,0.043064499560939946
8510,0.16,0.1599777336265366
12032,0.07,0.08055519975715272
12575,0.06,0.05060553901676618
12172,0.07,0.07019422774646272
6976,0.23,0.2301002431653436
16496,0.01,0.010596589199155768
10900,0.09,0.09998703284617641
2092,0.99,0.9995641464397174
167,5.42,5.419284763328084
12733,0.06,0.06050363412836437
10695,0.1,0.10134467740011438
7758,0.19,0.1908129463024374
16561,0.01,0.010088585529278337
10512,0.1,0.10920348208162609
3849,0.52,0.5203401962044591
13627,0.04,0.0404212222728836
1084,1.67,1.669517488837454
16432,0.01,0.01063675765734005
16531,0.01,0.010134748404362931
8683,0.16,0.1604188638173843
4019,0.49,0.4901359843641055
5032,0.38,0.38977799516288536
5726,0.31,0.3096189658988914
14521,0.03,0.030774470932091517
4020,0.49,0.4894679629704166
3286,0.61,0.6095274614359635
9506,0.13,0.13061615045740088
4677,0.41,0.40954910508659614
12425,0.06,0.05067798745349653
13782,0.04,0.040765763732107996
4527,0.43,0.4303240371363567
16074,0.01,0.010899813280344544
13219,0.05,0.05049494844720582
16527,0.01,0.01088526101835487
8178,0.18,0.1802799999251142
4458,0.44,0.439560909475339
11831,0.07,0.07082891024873389
367,3.52,3.5189242551860254
9146,0.14,0.1401222938140328
4161,0.47,0.4699282262446357
11632,0.08,0.08059362649506496
14855,0.03,0.03118383161404516
1153,1.6,1.6002577910867064
14848,0.03,0.020788696932541848
11977,0.07,0.06066020961619997
12845,0.05,0.06061486324674604
12157,0.07,0.0709265361839852
217,4.83,4.82990684258233
6073,0.29,0.28993920898205316
504,2.87,2.8599436112174197
5155,0.37,0.36975202449067235
4210,0.47,0.46024864584938097
12343,0.06,0.07117303902903725
2015,1.03,1.0399352299983353
11793,0.07,0.07100277796676766
6571,0.26,0.2600861940495039
5350,0.34,0.3399648333823758
13085,0.05,0.05063031421120673
4799,0.4,0.4001989997088506
8535,0.16,0.16013229318743907
8766,0.15,0.15023835750530518
9663,0.12,0.1203954922261719
901,1.92,1.9107935682852721
13319,0.05,0.0508739046836394
184,5.19,5.189851510216534
9712,0.12,0.12041918917813683
5009,0.38,0.3787521333465889
3474,0.58,0.5795202112117791
13986,0.04,0.04040535852631214
10979,0.09,0.09201828451262906
11782,0.07,0.06990385100081331
4346,0.45,0.44114080194465344
12430,0.06,0.0610512410615182
13973,0.04,0.030770209766061877
11099,0.09,0.0907515448330311
593,2.58,2.5692598476979476
15434,0.02,0.020942485244068644
5718,0.31,0.3097300191421414
1925,1.07,1.0791266083217654
1029,1.73,1.7307220888983674
6188,0.28,0.2699569356239926
1684,1.19,1.1892519094164422
9307,0.14,0.13029820682084697
539,2.78,2.7795088594966972
12898,0.05,0.050643119323417966
14210,0.03,0.030434863687185607
14191,0.03,0.030092146132229988
14086,0.04,0.041073575409573335
4774,0.41,0.409860162578358
3576,0.56,0.5701172496287487
8962,0.15,0.150326525447666
9924,0.12,0.1100907108092305
7990,0.19,0.18065505403102972
5135,0.37,0.3704882088600514
2972,0.68,0.6795376430238438
9961,0.12,0.11062907224363007
10828,0.09,0.09017484195917877
11866,0.07,0.07074622769782843
11300,0.08,0.09038797114025723
5608,0.32,0.31994327345294465
14676,0.03,0.03116809860893123
3583,0.56,0.5500840003864126
2314,0.9,0.8996677281088105
10988,0.09,0.09017848508840459
11872,0.07,0.07074757474972543
10740,0.1,0.10040519859090043
4782,0.4,0.3997144291009552
11739,0.07,0.08034452646021184
6506,0.26,0.26001034631606285
16200,0.01,0.010433549526918214
6163,0.28,0.2883823468501689
12823,0.05,0.05105965241785481
14143,0.03,0.030642782587122667
5128,0.37,0.37043059084089763
11191,0.09,0.09078460361691396
484,2.94,2.9403353732454813
972,1.78,1.7797239227327877
5783,0.31,0.30074360003355893
6833,0.24,0.23978194651741586
12709,0.06,0.06101372015961149
6903,0.24,0.23978158533448252
13529,0.04,0.04023967101016115
7686,0.2,0.209386088410203
13046,0.05,0.05088268206048483
15421,0.02,0.02034812917707908
4734,0.41,0.4098582502266528
465,3.02,3.019934318413438
6930,0.24,0.23032776494437363
12256,0.06,0.0610606212502908
13104,0.05,0.051439764012737026
10119,0.11,0.1101085952936229
113,6.9,6.899321289280531
4401,0.45,0.45020370205650595
2619,0.79,0.7899967570333802
2094,0.99,0.9997617904423339
1028,1.73,1.7294177623222917
3399,0.59,0.5896620950810041
35,13.73,13.739281404388882
14588,0.03,0.03040562404998624
15539,0.02,0.02043267465309824
15197,0.02,0.02102358507983234
5305,0.35,0.3398365982853828
2535,0.81,0.8195751851281977
6685,0.25,0.250986400319291
4545,0.43,0.4297446454425723
2022,1.03,1.0301590257235604
11474,0.08,0.08013075041083367
3704,0.54,0.5297537774553658
869,1.96,1.9501243502271866
10450,0.1,0.10047127620643317
15,21.82,21.818346631807366
10882,0.09,0.09064103715327855
7269,0.22,0.22019210508811599
7919,0.19,0.18015892414114876
14419,0.03,0.03184891782342432
1948,1.06,1.0491657056036319
9704,0.12,0.11993257223744183
13564,0.04,0.04071218239320607
11758,0.07,0.08069965434664839
3978,0.5,0.4899092747530964
7321,0.21,0.21019723100208898
8185,0.18,0.18028061518229743
10192,0.11,0.11052134798852722
11515,0.08,0.08076410656657
10656,0.1,0.11014618868336928
11452,0.08,0.09002387882464649
3210,0.63,0.6297025014519725
6033,0.29,0.2899995961504763
9886,0.12,0.12013409439002437
13726,0.04,0.04122679189776307
15513,0.02,0.02064619774877794
11265,0.08,0.07969896915559796
10686,0.1,0.10002449998393659
4299,0.46,0.44967663601384616
12541,0.06,0.06094736520141643
3985,0.5,0.4996190772351148
5215,0.36,0.36032122854598214
2482,0.83,0.8295577108853952
6313,0.27,0.2799867966671842
4035,0.49,0.4799339713468993
12924,0.05,0.060641710741248876
1854,1.1,1.1096884011151547
10601,0.1,0.10035943937591245
5030,0.38,0.37988088330078945
10139,0.11,0.09992722423524593
6819,0.24,0.24047948550839618
14232,0.03,0.030753968102677314
15036,0.02,0.020374185524959586
2456,0.84,0.8396494115672736
4065,0.49,0.48027265712420414
11784,0.07,0.07026018860034419
16030,0.01,0.010907972160277522
5364,0.34,0.33994112757428036
4623,0.42,0.4106184168101527
8122,0.18,0.1803088287893425
6290,0.27,0.27012884582579333
12324,0.06,0.060278738607154665
9240,0.14,0.13923732346855835
7382,0.21,0.22050983965446916
2958,0.69,0.6896109700582642
13272,0.05,0.05022459937245866
6773,0.24,0.25018627469141763
4055,0.49,0.4805546387364479
4156,0.47,0.4698411197825991
2523,0.82,0.8197014537858555
10654,0.1,0.1005402334114324
8805,0.15,0.16003719289323393
15054,0.02,0.02080338367919203
83,8.11,8.110223316715215
13048,0.05,0.05117446323647323
8524,0.16,0.16022158192905667
408,3.28,3.2894832066272612
10796,0.1,0.10040654811747263
15189,0.02,0.020493851778224062
3455,0.58,0.5898944007652043
2061,1.0,1.0001317704176027
3662,0.55,0.5505122432657336
6647,0.25,0.2499019212873631
4891,0.39,0.38970886062697807
1003,1.75,1.7593902750208268
6867,0.24,0.24101576261093746
12174,0.07,0.06039202977513832
2768,0.74,0.7395945322527385
15078,0.02,0.020447050501519154
14952,0.02,0.01982231288663569
12359,0.06,0.06012680766148265
10200,0.11,0.1000859001210241
9907,0.12,0.11066467256938549
4992,0.38,0.3798796835739973
5246,0.36,0.3505097761995145
4147,0.47,0.4804676650461878
2218,0.93,0.9397352239709839
8032,0.18,0.1799044054894556
15031,0.02,0.02033601346085801
8689,0.16,0.15992899177485714
536,2.79,2.7799334999343914
3049,0.67,0.6714368019738238
3888,0.51,0.5103625435323005
1484,1.32,1.3295518015758905
5928,0.3,0.29999131404346513
13422,0.05,0.05019890942735192
14516,0.03,0.03291925578427714
5280,0.35,0.35978118264161524
2448,0.85,0.8395135038186149
1955,1.06,1.070132489118227
2540,0.81,0.8101822246384711
3199,0.63,0.6199122114020446
9291,0.14,0.13111003666752727
4104,0.48,0.4899406616049915
1485,1.32,1.3296112186739033
7893,0.19,0.19029839890792882
10560,0.1,0.11012309389276122
4563,0.43,0.41957469569117994
11488,0.08,0.07965616829461473
2552,0.81,0.799326727291315
4887,0.39,0.39944544368425
11192,0.09,0.09021491096285537
14955,0.02,0.02067310863128769
12446,0.06,0.06061361450807752
9432,0.13,0.12994005756384475
11045,0.09,0.09024988915843929
9320,0.14,0.13056064327544176
13151,0.05,0.05135952120972447
1861,1.1,1.1002530428071817
2487,0.83,0.8299081788521666
3211,0.63,0.6299090398943961
247,4.42,4.419423219394924
8021,0.18,0.18019875148459802
3389,0.59,0.5996831299435041
5059,0.38,0.37987616950649794
10684,0.1,0.10028646923720125
16500,0.01,0.010550121802264171
5236,0.36,0.34971554442037306
2563,0.8,0.8001682635493154
13193,0.05,0.05062875197782233
15704,0.02,0.01129179138898033
11989,0.07,0.07077729389119726
15365,0.02,0.020485023939276342
8426,0.17,0.17032633724875768
11168,0.09,0.08064424782894238
2170,0.96,0.9496179918466325
8893,0.15,0.15011750350673558
7820,0.19,0.1899989034742875
6741,0.25,0.2505868022325574
15107,0.02,0.021117379542803075
8084,0.18,0.17957811446484168
6847,0.24,0.24033421776288727
9781,0.12,0.12044537100967513
873,1.95,1.9596341842419762
10152,0.11,0.10993125970069609
1610,1.23,1.2296631110402076
13309,0.05,0.0406666465400745
2566,0.8,0.8001117994313964
9421,0.13,0.13047039473715227
135,6.31,6.3100318184550765
12764,0.06,0.050394580663648575
13663,0.04,0.040816060301138726
4105,0.48,0.4803771103779334
14532,0.03,0.029633805406379114
3751,0.54,0.5298061871227111
1044,1.71,1.7194428971630966
6944,0.24,0.23002150815871308
6186,0.28,0.28024276840468915
9999,0.11,0.11017132694925094
1086,1.67,1.6697344975564432
6821,0.24,0.2400427403743937
7805,0.19,0.19070072185422055
1927,1.07,1.059959573090003
2032,1.02,1.0197671776599706
8187,0.18,0.17848119658765846
821,2.05,2.05970402465701
8713,0.16,0.16011177187490527
2115,0.98,0.9793082255046591
1353,1.42,1.419165385617604
15987,0.01,0.011684119280099367
7492,0.21,0.20075691782064814
15326,0.02,0.02050064407360261
5260,0.36,0.3497275798791268
867,1.96,1.9600472804164601
6750,0.25,0.2498032000456365
16227,0.01,0.011116924857739002
11736,0.07,0.07062734063902579
274,4.19,4.189507439888999
2453,0.84,0.8401579878711256
3553,0.57,0.559864520748511
13149,0.05,0.05035462979046596
6774,0.24,0.24064757949750315
1148,1.6,1.5895844355454556
9515,0.13,0.13112753630612256
5664,0.32,0.3199720594866597
13088,0.05,0.050586148671146525
4796,0.4,0.40015153270285064
4675,0.41,0.4197311124426155
7894,0.19,0.18030360614320218
4726,0.41,0.41002893186474304
7063,0.23,0.22987195126801185
554,2.7,2.7005461542805596
2212,0.94,0.9402236440618986
13991,0.04,0.04027760511989165
10931,0.09,0.09055947465216653
1907,1.08,1.0794875819244907
4042,0.49,0.49982141277136655
834,2.04,2.0403693836157974
7544,0.2,0.19992202165529105
4277,0.46,0.45946229134511773
15441,0.02,0.0211782077583917
14248,0.03,0.030638875202325704
11546,0.08,0.08055429029387629
13708,0.04,0.04117286854570793
899,1.92,1.9191588569648586
12937,0.05,0.050393013499846304
1176,1.58,1.5687769892993986
6714,0.25,0.25027771204617133
5221,0.36,0.36007392701186003
11771,0.07,0.07036202785049839
3916,0.51,0.5202310249298473
3761,0.53,0.5297399985902541
6575,0.26,0.2598939709824257
11018,0.09,0.10015242034319535
7331,0.21,0.21006661553880412
7494,0.21,0.1997367402358032
4336,0.45,0.45037647739872533
9347,0.13,0.14007422492243765
8674,0.16,0.1505651662542768
11107,0.09,0.08048836860901837
13954,0.04,0.030189592575477653
13800,0.04,0.04123508419411577
5816,0.31,0.30991042116787826
2463,0.84,0.8398201705527023
1198,1.55,1.5604398576011542
2701,0.76,0.7592945310801035
7298,0.22,0.2206027727334493
429,3.18,3.1803159132877585
2970,0.68,0.6895610599185722
3361,0.6,0.600400193106227
9542,0.13,0.1203496830021834
11193,0.09,0.08987264839382551
13335,0.05,0.0507738323659688
5158,0.37,0.360390214713034
9276,0.14,0.14022045471400216
8926,0.15,0.16051757222335158
5679,0.32,0.3198724535589659
5001,0.38,0.3906348327962855
3435,0.59,0.590060138531133
